,fsz,lat,lng,rm,sz,url,use,val,yr,price
0,1288,42.286256,-71.120207,,21969,http://www.zillow.com/webservice/GetDeepSearchResults.htm?zws-id=X1-ZWz1f9f43srdhn_5b1bv&address=224+Florence+St&citystatezip=02131,Condominium,360741,2011,"$399,000"
1,2040,42.2483,-71.115951,7,8276,http://www.zillow.com/webservice/GetDeepSearchResults.htm?zws-id=X1-ZWz1f9f43srdhn_5b1bv&address=124+Summit+St&citystatezip=02136,SingleFamily,629907,2000,"$599,000"
2,,42.30703,-71.11543,,,http://www.zillow.com/webservice/GetDeepSearchResults.htm?zws-id=X1-ZWz1f9f43srdhn_5b1bv&address=77+South+St&citystatezip=02130,Apartment,,,"$644,900"
3,3132,42.244716,-71.121903,13,7046,http://www.zillow.com/webservice/GetDeepSearchResults.htm?zws-id=X1-ZWz1f9f43srdhn_5b1bv&address=112+Washington+St&citystatezip=02136,SingleFamily,510706,1880,"$218,000"
4,1421,42.380374,-71.033872,7,1750,http://www.zillow.com/webservice/GetDeepSearchResults.htm?zws-id=X1-ZWz1f9f43srdhn_5b1bv&address=87+White+St&citystatezip=02128,SingleFamily,339559,1900,"$389,900"
5,1528,42.350753,-71.086331,5,1742,http://www.zillow.com/webservice/GetDeepSearchResults.htm?zws-id=X1-ZWz1f9f43srdhn_5b1bv&address=360+Marlborough+St&citystatezip=02115,Condominium,1919821,1875,"$2,099,000"
6,1147,42.3662,-71.06725,,,http://www.zillow.com/webservice/GetDeepSearchResults.htm?zws-id=X1-ZWz1f9f43srdhn_5b1bv&address=8+Whittier+Pl&citystatezip=02114,MultiFamily5Plus,,1964,"$736,000"
7,2256,42.38243,-71.033284,10,1742,http://www.zillow.com/webservice/GetDeepSearchResults.htm?zws-id=X1-ZWz1f9f43srdhn_5b1bv&address=2+Putnam+St&citystatezip=02128,MultiFamily2To4,417105,1900,"$489,000"
8,1654,42.31189,-71.090065,6,1742,http://www.zillow.com/webservice/GetDeepSearchResults.htm?zws-id=X1-ZWz1f9f43srdhn_5b1bv&address=123+Ruthven+St&citystatezip=02121,Condominium,343037,2004,"$241,000"
9,1168,42.30887,-71.059367,7,2178,http://www.zillow.com/webservice/GetDeepSearchResults.htm?zws-id=X1-ZWz1f9f43srdhn_5b1bv&address=265+Hancock+St&citystatezip=02125,SingleFamily,312712,1900,"$225,000"
10,1926,42.333774,-71.036849,11,1045,http://www.zillow.com/webservice/GetDeepSearchResults.htm?zws-id=X1-ZWz1f9f43srdhn_5b1bv&address=587+E+5th&citystatezip=02127,Duplex,711434,1890,
11,399,42.343083,-71.103753,2,399,http://www.zillow.com/webservice/GetDeepSearchResults.htm?zws-id=X1-ZWz1f9f43srdhn_5b1bv&address=116+Riverway+APT&citystatezip=02215,Condominium,342145,1918,"$319,900"
12,598,42.303811,-71.116252,,,http://www.zillow.com/webservice/GetDeepSearchResults.htm?zws-id=X1-ZWz1f9f43srdhn_5b1bv&address=39+Hampstead+Rd&citystatezip=02130,Townhouse,423774,1986,"$239,900"
13,600,42.327227,-71.108202,3,600,http://www.zillow.com/webservice/GetDeepSearchResults.htm?zws-id=X1-ZWz1f9f43srdhn_5b1bv&address=240+Heath+St&citystatezip=02130,Condominium,299462,1910,"$319,900"
14,1578,42.344594,-71.064406,,,http://www.zillow.com/webservice/GetDeepSearchResults.htm?zws-id=X1-ZWz1f9f43srdhn_5b1bv&address=40+Traveler+St&citystatezip=02118,Condominium,1901456,,"$729,000"
15,,42.34943,-71.13229,,,http://www.zillow.com/webservice/GetDeepSearchResults.htm?zws-id=X1-ZWz1f9f43srdhn_5b1bv&address=1258+Commonwealth+Ave&citystatezip=02134,MultiFamily2To4,289873,1920,"$425,000"
16,760,42.339447,-71.080154,,,http://www.zillow.com/webservice/GetDeepSearchResults.htm?zws-id=X1-ZWz1f9f43srdhn_5b1bv&address=777+Tremont+St&citystatezip=02118,MultiFamily2To4,971530,,"$439,900"
17,1209,42.27354,-71.147425,6,6534,http://www.zillow.com/webservice/GetDeepSearchResults.htm?zws-id=X1-ZWz1f9f43srdhn_5b1bv&address=49+Partridge+St&citystatezip=02132,SingleFamily,409455,1950,"$499,900"
18,3965,42.355358,-71.131156,,2178,http://www.zillow.com/webservice/GetDeepSearchResults.htm?zws-id=X1-ZWz1f9f43srdhn_5b1bv&address=15A+Linden+St&citystatezip=02134,MultiFamily2To4,1451474,1900,"$1,750,000"
19,2031,42.287465,-71.063176,9,3049,http://www.zillow.com/webservice/GetDeepSearchResults.htm?zws-id=X1-ZWz1f9f43srdhn_5b1bv&address=13+Wrentham+St&citystatezip=02124,SingleFamily,354584,1897,"$449,999"
20,1729,42.373195,-71.064762,7,1729,http://www.zillow.com/webservice/GetDeepSearchResults.htm?zws-id=X1-ZWz1f9f43srdhn_5b1bv&address=33+Washington+St&citystatezip=02129,Condominium,1146956,1870,"$579,000"
21,2076,42.31954,-71.080334,10,3049,http://www.zillow.com/webservice/GetDeepSearchResults.htm?zws-id=X1-ZWz1f9f43srdhn_5b1bv&address=16+Woodbine+St&citystatezip=02119,MultiFamily2To4,387310,1900,"$399,000"
22,922,42.376068,-71.039183,,,http://www.zillow.com/webservice/GetDeepSearchResults.htm?zws-id=X1-ZWz1f9f43srdhn_5b1bv&address=250+Meridian+St&citystatezip=02128,Condominium,377044,2016,"$475,000"
23,1819,42.26948,-71.09533,10,6098,http://www.zillow.com/webservice/GetDeepSearchResults.htm?zws-id=X1-ZWz1f9f43srdhn_5b1bv&address=56+Rexford+St&citystatezip=02126,SingleFamily,358991,1900,"$359,000"
24,1308,42.35043,-71.05703,,,http://www.zillow.com/webservice/GetDeepSearchResults.htm?zws-id=X1-ZWz1f9f43srdhn_5b1bv&address=119+Beach+St&citystatezip=02111,MultiFamily5Plus,,1913,"$995,000"
25,1030,42.345577,-71.141085,,,http://www.zillow.com/webservice/GetDeepSearchResults.htm?zws-id=X1-ZWz1f9f43srdhn_5b1bv&address=1518+Commonwealth+Ave&citystatezip=02135,Unknown,526225,1930,"$409,000"
26,1151,42.314373,-71.055694,,1151,http://www.zillow.com/webservice/GetDeepSearchResults.htm?zws-id=X1-ZWz1f9f43srdhn_5b1bv&address=18+Hallam+St&citystatezip=02125,Condominium,423933,1905,"$409,000"
27,815,42.35382,-71.07824,3,673,http://www.zillow.com/webservice/GetDeepSearchResults.htm?zws-id=X1-ZWz1f9f43srdhn_5b1bv&address=235+Beacon+St&citystatezip=02116,Condominium,779016,1920,"$779,000"
28,900,42.383333,-71.070579,3,435,http://www.zillow.com/webservice/GetDeepSearchResults.htm?zws-id=X1-ZWz1f9f43srdhn_5b1bv&address=4+Short+Street&citystatezip=02129,SingleFamily,436938,1885,"$449,000"
29,1107,42.246778,-71.113791,6,6534,http://www.zillow.com/webservice/GetDeepSearchResults.htm?zws-id=X1-ZWz1f9f43srdhn_5b1bv&address=69+Prospect+St&citystatezip=02136,SingleFamily,391232,1946,"$424,900"
30,1141,42.367382,-71.053163,5,1141,http://www.zillow.com/webservice/GetDeepSearchResults.htm?zws-id=X1-ZWz1f9f43srdhn_5b1bv&address=440+Commercial+St&citystatezip=02109,Condominium,896346,1920,"$875,000"
31,,,,,,,,,,"$875,000"
32,2019,42.331963,-71.039659,10,1140,http://www.zillow.com/webservice/GetDeepSearchResults.htm?zws-id=X1-ZWz1f9f43srdhn_5b1bv&address=182+I+St&citystatezip=02127,Duplex,830249,1865,"$579,000"
33,,42.295407,-71.115027,,,http://www.zillow.com/webservice/GetDeepSearchResults.htm?zws-id=X1-ZWz1f9f43srdhn_5b1bv&address=9+Varney+St&citystatezip=02130,Condominium,520861,,"$275,000"
34,900,42.329816,-71.091694,15,1691,http://www.zillow.com/webservice/GetDeepSearchResults.htm?zws-id=X1-ZWz1f9f43srdhn_5b1bv&address=2+Centre+Street&citystatezip=02119,MultiFamily2To4,519186,1905,"$260,000"
35,1920,42.277256,-71.145725,6,5227,http://www.zillow.com/webservice/GetDeepSearchResults.htm?zws-id=X1-ZWz1f9f43srdhn_5b1bv&address=40+Robin+St&citystatezip=02132,SingleFamily,651892,1920,"$699,900"
36,,42.3345,-71.0487,,,http://www.zillow.com/webservice/GetDeepSearchResults.htm?zws-id=X1-ZWz1f9f43srdhn_5b1bv&address=283+Bowen+St&citystatezip=02127,Condominium,533113,1890,"$519,000"
37,1387,42.277072,-71.087046,6,5662,http://www.zillow.com/webservice/GetDeepSearchResults.htm?zws-id=X1-ZWz1f9f43srdhn_5b1bv&address=31+Banfield+Ave&citystatezip=02126,SingleFamily,283063,1940,"$270,000"
38,510,42.341305,-71.080784,3,510,http://www.zillow.com/webservice/GetDeepSearchResults.htm?zws-id=X1-ZWz1f9f43srdhn_5b1bv&address=552+Columbus+Ave&citystatezip=02118,Condominium,469849,1910,"$739,900"
39,1599,42.34798,-71.07868,,,http://www.zillow.com/webservice/GetDeepSearchResults.htm?zws-id=X1-ZWz1f9f43srdhn_5b1bv&address=1+Huntington+Ave&citystatezip=02116,MultiFamily2To4,2627717,1999,"$549,000"
40,1020,42.375327,-71.058563,4,1020,http://www.zillow.com/webservice/GetDeepSearchResults.htm?zws-id=X1-ZWz1f9f43srdhn_5b1bv&address=38+Mount+Vernon&citystatezip=02129,Condominium,812768,1900,"$949,000"
41,705,42.36215,-71.052544,4,705,http://www.zillow.com/webservice/GetDeepSearchResults.htm?zws-id=X1-ZWz1f9f43srdhn_5b1bv&address=142+Commercial+St&citystatezip=02109,Condominium,588419,1856,"$650,000"
42,935,42.34703,-71.13847,,,http://www.zillow.com/webservice/GetDeepSearchResults.htm?zws-id=X1-ZWz1f9f43srdhn_5b1bv&address=194+Allston+St&citystatezip=02134,Townhouse,711304,,"$450,000"
43,710,42.35094,-71.08903,,,http://www.zillow.com/webservice/GetDeepSearchResults.htm?zws-id=X1-ZWz1f9f43srdhn_5b1bv&address=479+Beacon+St&citystatezip=02115,Condominium,638024,,"$799,000"
44,1676,42.335974,-71.049031,6,2178,http://www.zillow.com/webservice/GetDeepSearchResults.htm?zws-id=X1-ZWz1f9f43srdhn_5b1bv&address=104+F+St&citystatezip=02127,SingleFamily,923563,1890,"$889,000"
45,1808,42.28495,-71.166246,7,6534,http://www.zillow.com/webservice/GetDeepSearchResults.htm?zws-id=X1-ZWz1f9f43srdhn_5b1bv&address=161+Perham+St&citystatezip=02132,SingleFamily,507035,1910,"$599,900"
46,791,42.339385,-71.081382,3,791,http://www.zillow.com/webservice/GetDeepSearchResults.htm?zws-id=X1-ZWz1f9f43srdhn_5b1bv&address=257+Northampton+St&citystatezip=02118,Condominium,608799,2011,"$539,500"
47,1364,42.345039,-71.070299,3,1364,http://www.zillow.com/webservice/GetDeepSearchResults.htm?zws-id=X1-ZWz1f9f43srdhn_5b1bv&address=505+Tremont+St&citystatezip=02116,Condominium,1880009,2004,"$1,925,000"
48,960,42.343637,-71.066089,2,960,http://www.zillow.com/webservice/GetDeepSearchResults.htm?zws-id=X1-ZWz1f9f43srdhn_5b1bv&address=1140+Washington+St&citystatezip=02118,Condominium,762630,1910,"$775,000"
49,1017,42.34828,-71.10659,4,1017,http://www.zillow.com/webservice/GetDeepSearchResults.htm?zws-id=X1-ZWz1f9f43srdhn_5b1bv&address=120+Mountfort+St&citystatezip=02215,Unknown,,2004,"$1,199,000"
50,5237,42.279108,-71.089893,18,13797,http://www.zillow.com/webservice/GetDeepSearchResults.htm?zws-id=X1-ZWz1f9f43srdhn_5b1bv&address=515+Norfolk+St&citystatezip=02126,MultiFamily5Plus,,1905,"$750,000"
51,896,42.342624,-71.070709,4,871,http://www.zillow.com/webservice/GetDeepSearchResults.htm?zws-id=X1-ZWz1f9f43srdhn_5b1bv&address=11+Union+Park&citystatezip=02118,Condominium,783288,1899,"$719,000"
52,4168,42.335045,-71.032922,10,6534,http://www.zillow.com/webservice/GetDeepSearchResults.htm?zws-id=X1-ZWz1f9f43srdhn_5b1bv&address=770+E+4th&citystatezip=02127,SingleFamily,1349277,1890,"$799,900"
53,1792,42.278725,-71.153295,7,6098,http://www.zillow.com/webservice/GetDeepSearchResults.htm?zws-id=X1-ZWz1f9f43srdhn_5b1bv&address=34+Linnet+St&citystatezip=02132,SingleFamily,687007,1937,"$675,000"
54,2200,42.35622,-71.05941,,30149,http://www.zillow.com/webservice/GetDeepSearchResults.htm?zws-id=X1-ZWz1f9f43srdhn_5b1bv&address=1+Franklin+St&citystatezip=02110,Condominium,3544492,2015,"$3,950,000"
55,2997,42.311142,-71.118489,14,4227,http://www.zillow.com/webservice/GetDeepSearchResults.htm?zws-id=X1-ZWz1f9f43srdhn_5b1bv&address=67+Dunster+Rd&citystatezip=02130,Duplex,1309980,1910,"$725,000"
56,2997,42.311075,-71.118924,,8276,http://www.zillow.com/webservice/GetDeepSearchResults.htm?zws-id=X1-ZWz1f9f43srdhn_5b1bv&address=12+Dane+St&citystatezip=02130,MultiFamily2To4,,1910,"$725,000"
57,2476,42.284877,-71.134327,12,5000,http://www.zillow.com/webservice/GetDeepSearchResults.htm?zws-id=X1-ZWz1f9f43srdhn_5b1bv&address=50+Pinehurst+St&citystatezip=02131,Triplex,590188,1900,"$299,000"
58,2071,42.319364,-71.109777,9,2071,http://www.zillow.com/webservice/GetDeepSearchResults.htm?zws-id=X1-ZWz1f9f43srdhn_5b1bv&address=47+Oakview+Ter&citystatezip=02130,Condominium,870305,1905,"$775,000"
59,,42.35016,-71.13368,,,http://www.zillow.com/webservice/GetDeepSearchResults.htm?zws-id=X1-ZWz1f9f43srdhn_5b1bv&address=43+Glenville+Ave&citystatezip=02134,MultiFamily2To4,255863,,"$335,000"
60,1050,42.311545,-71.060654,5,4214,http://www.zillow.com/webservice/GetDeepSearchResults.htm?zws-id=X1-ZWz1f9f43srdhn_5b1bv&address=23+Downer+Ave&citystatezip=02125,Condominium,518411,2016,"$529,000"
61,655,42.377683,-71.059851,11,1250,http://www.zillow.com/webservice/GetDeepSearchResults.htm?zws-id=X1-ZWz1f9f43srdhn_5b1bv&address=19+Monument+St&citystatezip=02129,MultiFamily2To4,660166,1800,"$699,000"
62,3463,42.288551,-71.135635,,6534,http://www.zillow.com/webservice/GetDeepSearchResults.htm?zws-id=X1-ZWz1f9f43srdhn_5b1bv&address=909+South+St&citystatezip=02131,MultiFamily2To4,734126,,"$319,000"
64,2000,42.337398,-71.034808,,,http://www.zillow.com/webservice/GetDeepSearchResults.htm?zws-id=X1-ZWz1f9f43srdhn_5b1bv&address=720+E+2nd&citystatezip=02127,Condominium,1265574,2012,"$1,049,000"
65,1105,42.280199,-71.131377,,1291,http://www.zillow.com/webservice/GetDeepSearchResults.htm?zws-id=X1-ZWz1f9f43srdhn_5b1bv&address=152+Kittredge+St&citystatezip=02131,Condominium,346654,1950,"$350,000"
66,1400,42.3521,-71.05805,3,761,http://www.zillow.com/webservice/GetDeepSearchResults.htm?zws-id=X1-ZWz1f9f43srdhn_5b1bv&address=70+Lincoln+St&citystatezip=02111,MultiFamily2To4,792183,1920,"$620,000"
67,1747,42.348757,-71.062971,,37865,http://www.zillow.com/webservice/GetDeepSearchResults.htm?zws-id=X1-ZWz1f9f43srdhn_5b1bv&address=1+Nassau+St&citystatezip=02111,Apartment,,2002,"$1,099,000"
68,1965,42.315162,-71.101137,,,http://www.zillow.com/webservice/GetDeepSearchResults.htm?zws-id=X1-ZWz1f9f43srdhn_5b1bv&address=17+Dalrymple+St&citystatezip=02130,Condominium,720410,,"$399,000"
69,1665,42.277425,-71.132754,8,3049,http://www.zillow.com/webservice/GetDeepSearchResults.htm?zws-id=X1-ZWz1f9f43srdhn_5b1bv&address=124+Cornell+St&citystatezip=02131,SingleFamily,419157,1905,"$489,000"
70,725,42.343193,-71.077125,3,725,http://www.zillow.com/webservice/GetDeepSearchResults.htm?zws-id=X1-ZWz1f9f43srdhn_5b1bv&address=133+Pembroke+St&citystatezip=02118,Condominium,655105,1899,"$645,000"
71,2800,42.27843,-71.133314,12,6098,http://www.zillow.com/webservice/GetDeepSearchResults.htm?zws-id=X1-ZWz1f9f43srdhn_5b1bv&address=249+251+Kittredge&citystatezip=02131,MultiFamily2To4,563923,1938,
72,1781,42.275679,-71.099922,9,3986,http://www.zillow.com/webservice/GetDeepSearchResults.htm?zws-id=X1-ZWz1f9f43srdhn_5b1bv&address=100+Itasca+St&citystatezip=02126,SingleFamily,355315,1950,"$379,000"
73,1002,42.34736,-71.05025,,,http://www.zillow.com/webservice/GetDeepSearchResults.htm?zws-id=X1-ZWz1f9f43srdhn_5b1bv&address=21+Wormwood+St&citystatezip=02210,Apartment,654020,,"$2,195,000"
74,2000,42.354405,-71.127261,9,1853,http://www.zillow.com/webservice/GetDeepSearchResults.htm?zws-id=X1-ZWz1f9f43srdhn_5b1bv&address=41+Ashford+St&citystatezip=02134,Townhouse,656985,1988,"$699,000"
75,1129,42.296388,-71.115086,6,1129,http://www.zillow.com/webservice/GetDeepSearchResults.htm?zws-id=X1-ZWz1f9f43srdhn_5b1bv&address=28+Wenham+St&citystatezip=02130,Condominium,409436,1910,"$439,000"
77,3330,42.285882,-71.082897,12,2754,http://www.zillow.com/webservice/GetDeepSearchResults.htm?zws-id=X1-ZWz1f9f43srdhn_5b1bv&address=12+Jacob+St&citystatezip=02124,Condominium,536575,1933,"$205,000"
78,6543,42.351127,-71.149405,14,6534,http://www.zillow.com/webservice/GetDeepSearchResults.htm?zws-id=X1-ZWz1f9f43srdhn_5b1bv&address=15+Sparhawk+St&citystatezip=02135,MultiFamily2To4,,2016,"$649,000"
81,550,42.30556,-71.124454,3,548,http://www.zillow.com/webservice/GetDeepSearchResults.htm?zws-id=X1-ZWz1f9f43srdhn_5b1bv&address=1010+Centre+St&citystatezip=02130,Condominium,291489,1885,"$269,990"
82,2157,42.316139,-71.099301,10,3484,http://www.zillow.com/webservice/GetDeepSearchResults.htm?zws-id=X1-ZWz1f9f43srdhn_5b1bv&address=12+Atherton+St&citystatezip=02119,MultiFamily2To4,529367,1900,"$649,000"
85,3300,42.255913,-71.127147,12,5500,http://www.zillow.com/webservice/GetDeepSearchResults.htm?zws-id=X1-ZWz1f9f43srdhn_5b1bv&address=14+Linwood+St&citystatezip=02136,MultiFamily2To4,498227,1860,"$650,000"
87,660,42.343871,-71.146941,4,660,http://www.zillow.com/webservice/GetDeepSearchResults.htm?zws-id=X1-ZWz1f9f43srdhn_5b1bv&address=57+Colborne+Rd&citystatezip=02135,Condominium,332346,1963,"$379,900"
88,2700,42.287921,-71.152776,9,4791,http://www.zillow.com/webservice/GetDeepSearchResults.htm?zws-id=X1-ZWz1f9f43srdhn_5b1bv&address=46+Willow+St&citystatezip=02132,SingleFamily,571231,1900,"$749,900"
89,680,42.343139,-71.077102,3,645,http://www.zillow.com/webservice/GetDeepSearchResults.htm?zws-id=X1-ZWz1f9f43srdhn_5b1bv&address=131+Pembroke+St&citystatezip=02118,MultiFamily2To4,651115,1899,"$1,169,000"
90,1400,42.266524,-71.164377,6,3049,http://www.zillow.com/webservice/GetDeepSearchResults.htm?zws-id=X1-ZWz1f9f43srdhn_5b1bv&address=115+Glenellen+Rd&citystatezip=02132,SingleFamily,408811,1960,"$479,000"
91,2200,42.305319,-71.107728,12,1721,http://www.zillow.com/webservice/GetDeepSearchResults.htm?zws-id=X1-ZWz1f9f43srdhn_5b1bv&address=14+Rossmore+Rd&citystatezip=02130,MultiFamily2To4,646339,1885,"$629,000"
92,351,42.343603,-71.141535,2,351,http://www.zillow.com/webservice/GetDeepSearchResults.htm?zws-id=X1-ZWz1f9f43srdhn_5b1bv&address=315+Allston+St&citystatezip=02135,Condominium,211339,1920,"$299,995"
93,1722,42.330831,-71.034222,9,1738,http://www.zillow.com/webservice/GetDeepSearchResults.htm?zws-id=X1-ZWz1f9f43srdhn_5b1bv&address=122+Marine+Rd&citystatezip=02127,SingleFamily,580113,1905,"$725,000"
94,1153,42.348713,-71.070305,,,http://www.zillow.com/webservice/GetDeepSearchResults.htm?zws-id=X1-ZWz1f9f43srdhn_5b1bv&address=99+105+Broad&citystatezip=02110,MultiFamily5Plus,,,"$959,000"
95,908,42.296337,-71.07412,4,1603,http://www.zillow.com/webservice/GetDeepSearchResults.htm?zws-id=X1-ZWz1f9f43srdhn_5b1bv&address=3+Champlain+Cir&citystatezip=02124,SingleFamily,248415,1984,"$257,000"
96,2767,42.273735,-71.090591,12,3920,http://www.zillow.com/webservice/GetDeepSearchResults.htm?zws-id=X1-ZWz1f9f43srdhn_5b1bv&address=18+Crossman+St&citystatezip=02126,MultiFamily2To4,435772,1935,"$490,000"
97,1360,42.286952,-71.169877,7,3920,http://www.zillow.com/webservice/GetDeepSearchResults.htm?zws-id=X1-ZWz1f9f43srdhn_5b1bv&address=28+Lasell+St&citystatezip=02132,SingleFamily,474588,1936,"$460,000"
98,2604,42.33505,-71.03251,10,3125,http://www.zillow.com/webservice/GetDeepSearchResults.htm?zws-id=X1-ZWz1f9f43srdhn_5b1bv&address=776+E+4th&citystatezip=02127,Duplex,1010708,1905,"$1,099,000"
99,3924,42.306319,-71.064052,18,3484,http://www.zillow.com/webservice/GetDeepSearchResults.htm?zws-id=X1-ZWz1f9f43srdhn_5b1bv&address=35+Fox+St&citystatezip=02122,MultiFamily2To4,608361,1905,
100,1325,42.342102,-71.057312,5,2025,http://www.zillow.com/webservice/GetDeepSearchResults.htm?zws-id=X1-ZWz1f9f43srdhn_5b1bv&address=141+Dorchester+Ave&citystatezip=02127,Condominium,1951753,2007,"$1,500,000"
101,2275,42.315015,-71.055199,9,2050,http://www.zillow.com/webservice/GetDeepSearchResults.htm?zws-id=X1-ZWz1f9f43srdhn_5b1bv&address=37+Belfort+St&citystatezip=02125,SingleFamily,516253,1905,"$629,000"
102,626,42.339859,-71.049133,4,626,http://www.zillow.com/webservice/GetDeepSearchResults.htm?zws-id=X1-ZWz1f9f43srdhn_5b1bv&address=261+W+2nd&citystatezip=02127,Condominium,432397,1905,"$574,900"
105,564,42.3813,-71.0674,,,http://www.zillow.com/webservice/GetDeepSearchResults.htm?zws-id=X1-ZWz1f9f43srdhn_5b1bv&address=332+Bunker+Hill&citystatezip=02129,Condominium,476056,1870,"$449,000"
107,1311,42.35651,-71.16584,,,http://www.zillow.com/webservice/GetDeepSearchResults.htm?zws-id=X1-ZWz1f9f43srdhn_5b1bv&address=142+Bigelow+St&citystatezip=02135,MultiFamily2To4,498654,2006,"$609,900"
108,1460,42.328102,-71.105026,4,1460,http://www.zillow.com/webservice/GetDeepSearchResults.htm?zws-id=X1-ZWz1f9f43srdhn_5b1bv&address=119+Fisher+Ave&citystatezip=02120,Condominium,663779,2012,"$624,000"
109,1927,42.276878,-71.135446,6,9522,http://www.zillow.com/webservice/GetDeepSearchResults.htm?zws-id=X1-ZWz1f9f43srdhn_5b1bv&address=429+Beech+St&citystatezip=02131,SingleFamily,481246,1925,"$449,900"
110,3322,42.282578,-71.083953,15,2613,http://www.zillow.com/webservice/GetDeepSearchResults.htm?zws-id=X1-ZWz1f9f43srdhn_5b1bv&address=29+31+Corbet&citystatezip=02124,MultiFamily2To4,448498,1905,"$565,000"
111,733,42.343265,-71.065925,2,733,http://www.zillow.com/webservice/GetDeepSearchResults.htm?zws-id=X1-ZWz1f9f43srdhn_5b1bv&address=35+Fay+St&citystatezip=02118,MultiFamily2To4,548727,2006,"$419,000"
112,1872,42.271004,-71.089742,11,6098,http://www.zillow.com/webservice/GetDeepSearchResults.htm?zws-id=X1-ZWz1f9f43srdhn_5b1bv&address=16+Mamelon+Cir&citystatezip=02126,MultiFamily2To4,343092,1950,"$469,000"
113,3410,42.357405,-71.0709,10,3484,http://www.zillow.com/webservice/GetDeepSearchResults.htm?zws-id=X1-ZWz1f9f43srdhn_5b1bv&address=9+Lime+St&citystatezip=02108,SingleFamily,4301998,1880,"$5,499,000"
117,755,42.353693,-71.075743,4,755,http://www.zillow.com/webservice/GetDeepSearchResults.htm?zws-id=X1-ZWz1f9f43srdhn_5b1bv&address=85+Marlborough+St&citystatezip=02116,Condominium,706992,1885,"$849,000"
118,3885,42.292962,-71.073285,15,2681,http://www.zillow.com/webservice/GetDeepSearchResults.htm?zws-id=X1-ZWz1f9f43srdhn_5b1bv&address=23+Dunlap+St&citystatezip=02124,MultiFamily2To4,525738,1900,"$599,000"
119,1180,42.355181,-71.073359,6,1180,http://www.zillow.com/webservice/GetDeepSearchResults.htm?zws-id=X1-ZWz1f9f43srdhn_5b1bv&address=109+Beacon+St&citystatezip=02116,Condominium,1097013,1865,"$1,275,000"
120,2297,42.345836,-71.079734,7,2297,http://www.zillow.com/webservice/GetDeepSearchResults.htm?zws-id=X1-ZWz1f9f43srdhn_5b1bv&address=63+Saint+Botolph&citystatezip=02116,Condominium,2358621,1880,"$2,295,000"
121,950,42.34262,-71.09509,,,http://www.zillow.com/webservice/GetDeepSearchResults.htm?zws-id=X1-ZWz1f9f43srdhn_5b1bv&address=61+Park+Dr&citystatezip=02215,MultiFamily2To4,486809,1930,"$599,000"
123,1680,42.273837,-71.148505,7,5227,http://www.zillow.com/webservice/GetDeepSearchResults.htm?zws-id=X1-ZWz1f9f43srdhn_5b1bv&address=64+Cowing+St&citystatezip=02132,SingleFamily,543216,1928,"$549,000"
124,1508,42.276357,-71.073379,7,5205,http://www.zillow.com/webservice/GetDeepSearchResults.htm?zws-id=X1-ZWz1f9f43srdhn_5b1bv&address=45+Ellison+Ave&citystatezip=02126,SingleFamily,401416,1925,"$485,000"
125,580,42.345958,-71.073398,4,580,http://www.zillow.com/webservice/GetDeepSearchResults.htm?zws-id=X1-ZWz1f9f43srdhn_5b1bv&address=24+Lawrence+St&citystatezip=02116,Condominium,499738,1873,"$889,000"
126,2103,42.345809,-71.05127,6,99999,http://www.zillow.com/webservice/GetDeepSearchResults.htm?zws-id=X1-ZWz1f9f43srdhn_5b1bv&address=25+Channel+Ctr&citystatezip=02210,Condominium,1450997,2004,"$1,295,000"
127,863,42.338851,-71.047386,,,http://www.zillow.com/webservice/GetDeepSearchResults.htm?zws-id=X1-ZWz1f9f43srdhn_5b1bv&address=321+W+2nd&citystatezip=02127,Condominium,512471,2005,"$669,000"
128,350,42.343273,-71.107422,,,http://www.zillow.com/webservice/GetDeepSearchResults.htm?zws-id=X1-ZWz1f9f43srdhn_5b1bv&address=466+Commonwealth+Ave&citystatezip=02215,SingleFamily,955274,,"$709,000"
129,1600,42.300197,-71.142112,7,7405,http://www.zillow.com/webservice/GetDeepSearchResults.htm?zws-id=X1-ZWz1f9f43srdhn_5b1bv&address=61+Hackensack+Rd&citystatezip=02132,SingleFamily,681092,1950,"$688,000"
130,1633,42.35822,-71.05048,,,http://www.zillow.com/webservice/GetDeepSearchResults.htm?zws-id=X1-ZWz1f9f43srdhn_5b1bv&address=85+E+India&citystatezip=02110,Condominium,,1972,"$1,650,000"
131,800,42.33922,-71.1562,,,http://www.zillow.com/webservice/GetDeepSearchResults.htm?zws-id=X1-ZWz1f9f43srdhn_5b1bv&address=1949+Commonwealth+Ave&citystatezip=02135,MultiFamily5Plus,,,"$329,500"
132,620,42.3395,-71.1581,4,620,http://www.zillow.com/webservice/GetDeepSearchResults.htm?zws-id=X1-ZWz1f9f43srdhn_5b1bv&address=1945+Commonwealth+Ave&citystatezip=02135,MultiFamily5Plus,294367,,"$325,000"
133,729,42.320844,-71.116547,4,871,http://www.zillow.com/webservice/GetDeepSearchResults.htm?zws-id=X1-ZWz1f9f43srdhn_5b1bv&address=332+Jamaicaway+APT&citystatezip=02130,Condominium,367148,1920,"$399,000"
134,1836,42.285804,-71.171826,7,6969,http://www.zillow.com/webservice/GetDeepSearchResults.htm?zws-id=X1-ZWz1f9f43srdhn_5b1bv&address=952+Vfw+Pkwy&citystatezip=02132,SingleFamily,600305,1987,"$549,000"
135,1,42.367462,-71.03677,,,http://www.zillow.com/webservice/GetDeepSearchResults.htm?zws-id=X1-ZWz1f9f43srdhn_5b1bv&address=307+Sumner+St&citystatezip=02128,Condominium,519363,,"$554,000"
136,2070,42.37397,-71.05173,,,http://www.zillow.com/webservice/GetDeepSearchResults.htm?zws-id=X1-ZWz1f9f43srdhn_5b1bv&address=197+8th+St&citystatezip=02129,MultiFamily2To4,1351418,,"$859,000"
137,3905,42.345372,-71.074755,10,1560,http://www.zillow.com/webservice/GetDeepSearchResults.htm?zws-id=X1-ZWz1f9f43srdhn_5b1bv&address=81+Dartmouth+St&citystatezip=02116,Triplex,3050610,1890,"$540,000"
138,1274,42.286254,-71.163869,6,5490,http://www.zillow.com/webservice/GetDeepSearchResults.htm?zws-id=X1-ZWz1f9f43srdhn_5b1bv&address=611+Lagrange+St&citystatezip=02132,SingleFamily,413158,1915,"$459,900"
139,614,42.343305,-71.072963,3,614,http://www.zillow.com/webservice/GetDeepSearchResults.htm?zws-id=X1-ZWz1f9f43srdhn_5b1bv&address=587+Tremont+St&citystatezip=02118,Condominium,592330,1899,"$1,399,000"
140,942,42.343105,-71.069747,4,942,http://www.zillow.com/webservice/GetDeepSearchResults.htm?zws-id=X1-ZWz1f9f43srdhn_5b1bv&address=7+Ringold+St&citystatezip=02118,Condominium,984038,1890,"$1,175,000"
141,1491,42.333167,-71.078648,4,1491,http://www.zillow.com/webservice/GetDeepSearchResults.htm?zws-id=X1-ZWz1f9f43srdhn_5b1bv&address=43+Thorndike+St&citystatezip=02118,Condominium,571377,2000,"$379,000"
142,3800,42.316249,-71.115844,8,10454,http://www.zillow.com/webservice/GetDeepSearchResults.htm?zws-id=X1-ZWz1f9f43srdhn_5b1bv&address=35+Goodrich+Rd&citystatezip=02130,MultiFamily2To4,1212515,1926,"$999,999"
143,1614,42.3666,-71.0513,,1620,http://www.zillow.com/webservice/GetDeepSearchResults.htm?zws-id=X1-ZWz1f9f43srdhn_5b1bv&address=4+Battery+Wharf&citystatezip=02109,Condominium,1796741,2008,"$1,995,000"
144,1912,42.379371,-71.063395,10,2613,http://www.zillow.com/webservice/GetDeepSearchResults.htm?zws-id=X1-ZWz1f9f43srdhn_5b1bv&address=235+Bunker+Hill&citystatezip=02129,SingleFamily,1647283,2010,"$1,100,000"
145,5088,42.316295,-71.107551,,5662,http://www.zillow.com/webservice/GetDeepSearchResults.htm?zws-id=X1-ZWz1f9f43srdhn_5b1bv&address=189+Chestnut+Ave&citystatezip=02130,MultiFamily2To4,,1920,"$1,700,000"
146,560,42.35891,-71.07143,,,http://www.zillow.com/webservice/GetDeepSearchResults.htm?zws-id=X1-ZWz1f9f43srdhn_5b1bv&address=145+Pinckney+St&citystatezip=02114,Condominium,,1952,"$719,000"
147,1136,42.33711,-71.04597,,999,http://www.zillow.com/webservice/GetDeepSearchResults.htm?zws-id=X1-ZWz1f9f43srdhn_5b1bv&address=320+W+3rd&citystatezip=02127,MultiFamily2To4,607252,2004,"$479,000"
148,1800,42.285957,-71.157222,7,7405,http://www.zillow.com/webservice/GetDeepSearchResults.htm?zws-id=X1-ZWz1f9f43srdhn_5b1bv&address=66+Park+St&citystatezip=02132,SingleFamily,596885,1927,"$699,900"
149,4268,42.374915,-71.060443,13,1824,http://www.zillow.com/webservice/GetDeepSearchResults.htm?zws-id=X1-ZWz1f9f43srdhn_5b1bv&address=60+Winthrop+St&citystatezip=02129,Triplex,1989364,1855,"$969,000"
150,3108,42.373467,-71.059542,7,7831,http://www.zillow.com/webservice/GetDeepSearchResults.htm?zws-id=X1-ZWz1f9f43srdhn_5b1bv&address=5+Putnam+St&citystatezip=02129,SingleFamily,2141542,1806,"$1,699,000"
151,3465,42.298301,-71.111503,,5662,http://www.zillow.com/webservice/GetDeepSearchResults.htm?zws-id=X1-ZWz1f9f43srdhn_5b1bv&address=58+Woodlawn+St&citystatezip=02130,MultiFamily2To4,,1902,"$1,199,000"
152,2437,42.377163,-71.059809,8,871,http://www.zillow.com/webservice/GetDeepSearchResults.htm?zws-id=X1-ZWz1f9f43srdhn_5b1bv&address=7+Concord+Ave&citystatezip=02129,SingleFamily,1155892,1880,"$1,200,000"
153,4566,42.375584,-71.062964,13,2613,http://www.zillow.com/webservice/GetDeepSearchResults.htm?zws-id=X1-ZWz1f9f43srdhn_5b1bv&address=22+Cordis+St&citystatezip=02129,SingleFamily,1934881,1876,"$2,500,000"
154,918,42.338557,-71.076119,5,918,http://www.zillow.com/webservice/GetDeepSearchResults.htm?zws-id=X1-ZWz1f9f43srdhn_5b1bv&address=480+Shawmut+Ave&citystatezip=02118,Condominium,708642,1900,"$529,999"
155,850,42.366607,-71.055633,,,http://www.zillow.com/webservice/GetDeepSearchResults.htm?zws-id=X1-ZWz1f9f43srdhn_5b1bv&address=22+Hull+St&citystatezip=02113,MultiFamily2To4,992546,,"$639,000"
156,1546,42.266774,-71.099079,6,3920,http://www.zillow.com/webservice/GetDeepSearchResults.htm?zws-id=X1-ZWz1f9f43srdhn_5b1bv&address=82+Rosewood+St&citystatezip=02126,SingleFamily,326744,1910,
157,1160,42.340205,-71.156683,4,1160,http://www.zillow.com/webservice/GetDeepSearchResults.htm?zws-id=X1-ZWz1f9f43srdhn_5b1bv&address=25+South+St&citystatezip=02135,Condominium,452837,1930,"$375,000"
158,359,42.36728,-71.05376,3,570,http://www.zillow.com/webservice/GetDeepSearchResults.htm?zws-id=X1-ZWz1f9f43srdhn_5b1bv&address=10+Henchman+St&citystatezip=02113,Condominium,338953,1902,"$329,999"
159,1086,42.308868,-71.100203,5,1247,http://www.zillow.com/webservice/GetDeepSearchResults.htm?zws-id=X1-ZWz1f9f43srdhn_5b1bv&address=18+Sigourney+St&citystatezip=02130,Condominium,471242,2003,"$312,498"
160,668,42.318046,-71.053062,5,668,http://www.zillow.com/webservice/GetDeepSearchResults.htm?zws-id=X1-ZWz1f9f43srdhn_5b1bv&address=20+Spring+Garden&citystatezip=02125,Condominium,291562,1905,"$299,000"
161,1356,42.280764,-71.138007,7,3920,http://www.zillow.com/webservice/GetDeepSearchResults.htm?zws-id=X1-ZWz1f9f43srdhn_5b1bv&address=210+Roslindale+Ave&citystatezip=02131,SingleFamily,413632,1920,"$349,000"
162,907,42.33651,-71.043701,4,907,http://www.zillow.com/webservice/GetDeepSearchResults.htm?zws-id=X1-ZWz1f9f43srdhn_5b1bv&address=410+E+3rd&citystatezip=02127,Condominium,576699,1920,"$549,000"
164,700,42.34545,-71.07259,4,780,http://www.zillow.com/webservice/GetDeepSearchResults.htm?zws-id=X1-ZWz1f9f43srdhn_5b1bv&address=2+Clarendon+St&citystatezip=02116,Condominium,1305098,1899,"$699,000"
165,1145,42.380677,-71.063288,4,1145,http://www.zillow.com/webservice/GetDeepSearchResults.htm?zws-id=X1-ZWz1f9f43srdhn_5b1bv&address=37+Allston+St&citystatezip=02129,Condominium,555262,1875,"$589,000"
166,850,42.37643,-71.06268,5,,http://www.zillow.com/webservice/GetDeepSearchResults.htm?zws-id=X1-ZWz1f9f43srdhn_5b1bv&address=39+High+St&citystatezip=02129,MultiFamily5Plus,,,"$649,000"
167,,42.33445,-71.0509,,,http://www.zillow.com/webservice/GetDeepSearchResults.htm?zws-id=X1-ZWz1f9f43srdhn_5b1bv&address=120+W+7th&citystatezip=02127,Condominium,612627,,"$587,500"
168,1803,42.335334,-71.05468,8,1742,http://www.zillow.com/webservice/GetDeepSearchResults.htm?zws-id=X1-ZWz1f9f43srdhn_5b1bv&address=109+D+St&citystatezip=02127,Condominium,723885,2006,"$649,000"
169,576,42.313365,-71.067873,5,871,http://www.zillow.com/webservice/GetDeepSearchResults.htm?zws-id=X1-ZWz1f9f43srdhn_5b1bv&address=459+Columbia+Rd&citystatezip=02125,Condominium,201478,1920,"$176,500"
170,523,42.3582,-71.070442,2,,http://www.zillow.com/webservice/GetDeepSearchResults.htm?zws-id=X1-ZWz1f9f43srdhn_5b1bv&address=75+Charles+St&citystatezip=02114,Condominium,564467,1850,"$589,000"
172,780,42.368206,-71.056584,5,780,http://www.zillow.com/webservice/GetDeepSearchResults.htm?zws-id=X1-ZWz1f9f43srdhn_5b1bv&address=556+Commercial+St&citystatezip=02109,Apartment,,1910,"$659,000"
173,652,42.378192,-71.06613,,,http://www.zillow.com/webservice/GetDeepSearchResults.htm?zws-id=X1-ZWz1f9f43srdhn_5b1bv&address=116+High+St&citystatezip=02129,Condominium,472044,,"$435,000"
174,1,42.351349,-71.08663,,,http://www.zillow.com/webservice/GetDeepSearchResults.htm?zws-id=X1-ZWz1f9f43srdhn_5b1bv&address=429+Beacon+St&citystatezip=02115,MultiFamily2To4,1177682,,"$1,149,000"
175,2748,42.311375,-71.125549,10,10890,http://www.zillow.com/webservice/GetDeepSearchResults.htm?zws-id=X1-ZWz1f9f43srdhn_5b1bv&address=5+Moss+Hill&citystatezip=02130,SingleFamily,1306386,1935,"$999,000"
176,,42.36696,-71.05456,,886,http://www.zillow.com/webservice/GetDeepSearchResults.htm?zws-id=X1-ZWz1f9f43srdhn_5b1bv&address=196+Salem+St&citystatezip=02113,MultiFamily5Plus,,,"$879,000"
177,1485,42.340997,-71.076579,6,1485,http://www.zillow.com/webservice/GetDeepSearchResults.htm?zws-id=X1-ZWz1f9f43srdhn_5b1bv&address=680+Tremont+St&citystatezip=02118,Condominium,1356000,1899,"$725,000"
178,1324,42.358639,-71.136252,6,4791,http://www.zillow.com/webservice/GetDeepSearchResults.htm?zws-id=X1-ZWz1f9f43srdhn_5b1bv&address=10+Adamson+St&citystatezip=02134,SingleFamily,544100,1900,"$480,000"
179,1560,42.34351,-71.165478,7,8181,http://www.zillow.com/webservice/GetDeepSearchResults.htm?zws-id=X1-ZWz1f9f43srdhn_5b1bv&address=76+Lake+Shore&citystatezip=02135,SingleFamily,819321,1929,"$699,900"
180,680,42.3788,-71.06544,,,http://www.zillow.com/webservice/GetDeepSearchResults.htm?zws-id=X1-ZWz1f9f43srdhn_5b1bv&address=52+Sullivan+St&citystatezip=02129,MultiFamily2To4,757432,1857,"$490,000"
181,1583,42.33414,-71.025894,,,http://www.zillow.com/webservice/GetDeepSearchResults.htm?zws-id=X1-ZWz1f9f43srdhn_5b1bv&address=866+E+5th&citystatezip=02127,MultiFamily2To4,704993,1890,"$599,000"
182,1016,42.315684,-71.103473,8,2033,http://www.zillow.com/webservice/GetDeepSearchResults.htm?zws-id=X1-ZWz1f9f43srdhn_5b1bv&address=9+Porter+St&citystatezip=02130,Condominium,491846,2016,"$489,900"
183,1150,42.356976,-71.072282,5,1100,http://www.zillow.com/webservice/GetDeepSearchResults.htm?zws-id=X1-ZWz1f9f43srdhn_5b1bv&address=10+Otis+Pl&citystatezip=02108,Condominium,1299386,1927,"$1,795,000"
184,735,42.35485,-71.06344,3,735,http://www.zillow.com/webservice/GetDeepSearchResults.htm?zws-id=X1-ZWz1f9f43srdhn_5b1bv&address=151+Tremont+St&citystatezip=02111,MultiFamily5Plus,,1968,"$649,000"
185,850,42.34632,-71.07865,,,http://www.zillow.com/webservice/GetDeepSearchResults.htm?zws-id=X1-ZWz1f9f43srdhn_5b1bv&address=16+Harcourt+St&citystatezip=02116,MultiFamily2To4,1179034,,"$1,725,000"
187,750,42.253489,-71.12961,2,615,http://www.zillow.com/webservice/GetDeepSearchResults.htm?zws-id=X1-ZWz1f9f43srdhn_5b1bv&address=1409+River+St&citystatezip=02136,Condominium,179314,1960,"$159,000"
188,4270,42.363884,-71.052278,,1306,http://www.zillow.com/webservice/GetDeepSearchResults.htm?zws-id=X1-ZWz1f9f43srdhn_5b1bv&address=38+Lewis+St&citystatezip=02113,MultiFamily2To4,2361239,1905,"$2,750,000"
190,728,42.361901,-71.050075,3,728,http://www.zillow.com/webservice/GetDeepSearchResults.htm?zws-id=X1-ZWz1f9f43srdhn_5b1bv&address=33+Commercial+Wharf&citystatezip=02110,Condominium,675009,1832,"$799,000"
191,1365,42.271849,-71.111738,6,11325,http://www.zillow.com/webservice/GetDeepSearchResults.htm?zws-id=X1-ZWz1f9f43srdhn_5b1bv&address=109+Annafran+St&citystatezip=02131,SingleFamily,347815,1945,"$375,500"
192,863,42.366505,-71.052768,5,863,http://www.zillow.com/webservice/GetDeepSearchResults.htm?zws-id=X1-ZWz1f9f43srdhn_5b1bv&address=426+Hanover+St&citystatezip=02113,Condominium,603760,1900,"$679,000"
193,812,42.353649,-71.063865,,1580,http://www.zillow.com/webservice/GetDeepSearchResults.htm?zws-id=X1-ZWz1f9f43srdhn_5b1bv&address=170+Tremont+St&citystatezip=02111,MultiFamily2To4,589151,,"$1,100,000"
195,3126,42.304705,-71.11013,15,5014,http://www.zillow.com/webservice/GetDeepSearchResults.htm?zws-id=X1-ZWz1f9f43srdhn_5b1bv&address=32+Burnett+St&citystatezip=02130,Triplex,898731,1905,"$330,000"
197,1230,42.379116,-71.065277,,1230,http://www.zillow.com/webservice/GetDeepSearchResults.htm?zws-id=X1-ZWz1f9f43srdhn_5b1bv&address=62+Sullivan+St&citystatezip=02129,Condominium,702095,1890,"$499,000"
198,1237,42.278031,-71.107383,6,9147,http://www.zillow.com/webservice/GetDeepSearchResults.htm?zws-id=X1-ZWz1f9f43srdhn_5b1bv&address=2+Stonecrest+Rd&citystatezip=02126,SingleFamily,364263,1997,"$335,000"
199,760,42.336045,-71.05151,,,http://www.zillow.com/webservice/GetDeepSearchResults.htm?zws-id=X1-ZWz1f9f43srdhn_5b1bv&address=252+E+St&citystatezip=02127,Condominium,414983,2001,"$674,000"
201,5448,42.277795,-71.096911,18,4791,http://www.zillow.com/webservice/GetDeepSearchResults.htm?zws-id=X1-ZWz1f9f43srdhn_5b1bv&address=57+Fottler+Rd&citystatezip=02126,MultiFamily2To4,668269,1905,"$589,900"
202,580,42.341078,-71.078567,3,770,http://www.zillow.com/webservice/GetDeepSearchResults.htm?zws-id=X1-ZWz1f9f43srdhn_5b1bv&address=9+Concord+Sq&citystatezip=02118,Condominium,454025,1900,"$599,000"
204,1260,42.335525,-71.040742,,,http://www.zillow.com/webservice/GetDeepSearchResults.htm?zws-id=X1-ZWz1f9f43srdhn_5b1bv&address=589+E+Broadway&citystatezip=02127,Condominium,626614,1930,"$664,000"
205,1253,42.339367,-71.147045,3,1253,http://www.zillow.com/webservice/GetDeepSearchResults.htm?zws-id=X1-ZWz1f9f43srdhn_5b1bv&address=140+Kilsyth+Rd&citystatezip=02135,Condominium,538711,1890,"$449,000"
206,720,42.380298,-71.029998,4,720,http://www.zillow.com/webservice/GetDeepSearchResults.htm?zws-id=X1-ZWz1f9f43srdhn_5b1bv&address=265+Lexington+St&citystatezip=02128,Condominium,247767,1899,"$260,000"
207,1290,42.310158,-71.114986,5,1290,http://www.zillow.com/webservice/GetDeepSearchResults.htm?zws-id=X1-ZWz1f9f43srdhn_5b1bv&address=754+Centre+St&citystatezip=02130,Condominium,466036,1900,"$500,000"
209,1119,42.349868,-71.091544,4,99999,http://www.zillow.com/webservice/GetDeepSearchResults.htm?zws-id=X1-ZWz1f9f43srdhn_5b1bv&address=10+Charlesgate+E&citystatezip=02215,Condominium,952164,1910,"$1,049,000"
210,1342,42.36654,-71.05945,,,http://www.zillow.com/webservice/GetDeepSearchResults.htm?zws-id=X1-ZWz1f9f43srdhn_5b1bv&address=234+Causeway+St&citystatezip=02114,Condominium,682826,2003,"$970,000"
211,3784,42.281193,-71.057353,14,6098,http://www.zillow.com/webservice/GetDeepSearchResults.htm?zws-id=X1-ZWz1f9f43srdhn_5b1bv&address=28+30+Milwood&citystatezip=02124,MultiFamily2To4,708100,1920,"$979,000"
212,1140,42.337664,-71.071842,2,886,http://www.zillow.com/webservice/GetDeepSearchResults.htm?zws-id=X1-ZWz1f9f43srdhn_5b1bv&address=735+Harrison+Ave&citystatezip=02118,Condominium,541647,2006,"$599,000"
213,2042,42.30278,-71.080704,11,3920,http://www.zillow.com/webservice/GetDeepSearchResults.htm?zws-id=X1-ZWz1f9f43srdhn_5b1bv&address=425+Seaver+St&citystatezip=02121,SingleFamily,382774,1915,"$399,000"
214,1750,42.278796,-71.147564,6,6098,http://www.zillow.com/webservice/GetDeepSearchResults.htm?zws-id=X1-ZWz1f9f43srdhn_5b1bv&address=176+Wren+St&citystatezip=02132,SingleFamily,636211,1934,"$599,900"
215,1315,42.351769,-71.079401,4,1315,http://www.zillow.com/webservice/GetDeepSearchResults.htm?zws-id=X1-ZWz1f9f43srdhn_5b1bv&address=177+Commonwealth+Ave&citystatezip=02116,Condominium,1281604,1882,"$1,295,000"
216,2484,42.349171,-71.167615,11,4725,http://www.zillow.com/webservice/GetDeepSearchResults.htm?zws-id=X1-ZWz1f9f43srdhn_5b1bv&address=21+23+N&citystatezip=02135,MultiFamily2To4,816356,1930,"$740,000"
217,1536,42.288879,-71.143101,6,5460,http://www.zillow.com/webservice/GetDeepSearchResults.htm?zws-id=X1-ZWz1f9f43srdhn_5b1bv&address=1585+Centre+St&citystatezip=02132,SingleFamily,576291,1932,"$599,900"
218,1843,42.341163,-71.072611,9,871,http://www.zillow.com/webservice/GetDeepSearchResults.htm?zws-id=X1-ZWz1f9f43srdhn_5b1bv&address=377+Shawmut+Ave&citystatezip=02118,SingleFamily,2039521,1890,"$1,749,000"
219,1376,42.308725,-71.128069,7,6098,http://www.zillow.com/webservice/GetDeepSearchResults.htm?zws-id=X1-ZWz1f9f43srdhn_5b1bv&address=14+Driftwood+Rd&citystatezip=02130,SingleFamily,762225,1955,"$699,900"
220,3356,42.358623,-71.070066,8,1306,http://www.zillow.com/webservice/GetDeepSearchResults.htm?zws-id=X1-ZWz1f9f43srdhn_5b1bv&address=36+W+Cedar&citystatezip=02108,SingleFamily,4178502,1830,"$3,700,000"
221,3582,42.331514,-71.042198,14,2080,http://www.zillow.com/webservice/GetDeepSearchResults.htm?zws-id=X1-ZWz1f9f43srdhn_5b1bv&address=470+E+8th&citystatezip=02127,MultiFamily2To4,1161128,1905,"$659,000"
222,1772,42.254484,-71.142308,6,5662,http://www.zillow.com/webservice/GetDeepSearchResults.htm?zws-id=X1-ZWz1f9f43srdhn_5b1bv&address=22+Cheryl+Ln&citystatezip=02136,SingleFamily,351884,1960,"$379,900"
223,3704,42.29868,-71.11092,14,3480,http://www.zillow.com/webservice/GetDeepSearchResults.htm?zws-id=X1-ZWz1f9f43srdhn_5b1bv&address=62+Tower+St&citystatezip=02130,MultiFamily2To4,872701,1930,"$619,000"
224,3145,42.288768,-71.069214,10,14076,http://www.zillow.com/webservice/GetDeepSearchResults.htm?zws-id=X1-ZWz1f9f43srdhn_5b1bv&address=48+Welles+Ave&citystatezip=02124,Duplex,575721,1875,"$495,000"
225,5267,42.310186,-71.085432,19,8712,http://www.zillow.com/webservice/GetDeepSearchResults.htm?zws-id=X1-ZWz1f9f43srdhn_5b1bv&address=74+Georgia+St&citystatezip=02121,MultiFamily2To4,670102,1875,"$1,599,000"
226,1,42.34658,-71.149902,,43560,http://www.zillow.com/webservice/GetDeepSearchResults.htm?zws-id=X1-ZWz1f9f43srdhn_5b1bv&address=31+Shannon+St&citystatezip=02135,Apartment,,,"$615,000"
227,1884,42.350284,-71.082532,5,1884,http://www.zillow.com/webservice/GetDeepSearchResults.htm?zws-id=X1-ZWz1f9f43srdhn_5b1bv&address=29+Fairfield+St&citystatezip=02116,Condominium,2110912,1876,"$2,075,000"
229,3819,42.376424,-71.061854,13,1888,http://www.zillow.com/webservice/GetDeepSearchResults.htm?zws-id=X1-ZWz1f9f43srdhn_5b1bv&address=33+Monument+Sq&citystatezip=02129,Duplex,1659680,1896,"$1,595,000"
230,5151,42.2863,-71.076573,18,4721,http://www.zillow.com/webservice/GetDeepSearchResults.htm?zws-id=X1-ZWz1f9f43srdhn_5b1bv&address=28+Whitman+St&citystatezip=02124,Triplex,641850,1905,"$225,000"
231,,42.34264,-71.14581,,,http://www.zillow.com/webservice/GetDeepSearchResults.htm?zws-id=X1-ZWz1f9f43srdhn_5b1bv&address=12+Ransom+Rd&citystatezip=02135,MultiFamily2To4,337515,,"$319,000"
232,1247,42.365972,-71.051146,4,1245,http://www.zillow.com/webservice/GetDeepSearchResults.htm?zws-id=X1-ZWz1f9f43srdhn_5b1bv&address=357+Commercial+St&citystatezip=02109,Condominium,838016,1901,"$1,625,000"
233,,42.360149,-71.066749,,,http://www.zillow.com/webservice/GetDeepSearchResults.htm?zws-id=X1-ZWz1f9f43srdhn_5b1bv&address=1+Garden+St&citystatezip=02114,Apartment,,,"$1,649,000"
235,1639,42.332762,-71.047767,15,1639,http://www.zillow.com/webservice/GetDeepSearchResults.htm?zws-id=X1-ZWz1f9f43srdhn_5b1bv&address=69+Telegraph+St&citystatezip=02127,Condominium,802274,2013,"$929,000"
236,15711,42.337765,-71.038353,,12625,http://www.zillow.com/webservice/GetDeepSearchResults.htm?zws-id=X1-ZWz1f9f43srdhn_5b1bv&address=537+E+1st&citystatezip=02127,SingleFamily,2935226,2012,"$999,000"
237,1687,42.341982,-71.066358,5,,http://www.zillow.com/webservice/GetDeepSearchResults.htm?zws-id=X1-ZWz1f9f43srdhn_5b1bv&address=481+Harrison+Ave&citystatezip=02118,Condominium,1220766,1916,"$2,975,000"
238,4864,42.354497,-71.072021,9,4864,http://www.zillow.com/webservice/GetDeepSearchResults.htm?zws-id=X1-ZWz1f9f43srdhn_5b1bv&address=9+Arlington+St&citystatezip=02116,Condominium,7416706,2000,"$8,499,000"
239,1264,42.3475,-71.1414,,,http://www.zillow.com/webservice/GetDeepSearchResults.htm?zws-id=X1-ZWz1f9f43srdhn_5b1bv&address=1501+Commonwealth+Ave&citystatezip=02135,Condominium,674265,2015,"$615,000"
241,1229,42.32101,-71.10263,5,1229,http://www.zillow.com/webservice/GetDeepSearchResults.htm?zws-id=X1-ZWz1f9f43srdhn_5b1bv&address=34+Chestnut+Ave&citystatezip=02130,Condominium,616298,2012,"$699,000"
242,570,42.335879,-71.108943,,,http://www.zillow.com/webservice/GetDeepSearchResults.htm?zws-id=X1-ZWz1f9f43srdhn_5b1bv&address=80+82+Fenwood&citystatezip=02115,Condominium,600021,2016,"$554,900"
243,624,42.366981,-71.031951,5,624,http://www.zillow.com/webservice/GetDeepSearchResults.htm?zws-id=X1-ZWz1f9f43srdhn_5b1bv&address=47+Lamson+St&citystatezip=02128,Condominium,278574,1900,"$524,617"
244,,42.35133,-71.08752,,,http://www.zillow.com/webservice/GetDeepSearchResults.htm?zws-id=X1-ZWz1f9f43srdhn_5b1bv&address=445+Beacon+St&citystatezip=02115,MultiFamily2To4,614726,,"$1,899,000"
245,2123,42.33873,-71.07488,,,http://www.zillow.com/webservice/GetDeepSearchResults.htm?zws-id=X1-ZWz1f9f43srdhn_5b1bv&address=14+Rutland+St&citystatezip=02118,Condominium,2471721,2000,"$2,195,000"
246,856,42.35104,-71.06522,,,http://www.zillow.com/webservice/GetDeepSearchResults.htm?zws-id=X1-ZWz1f9f43srdhn_5b1bv&address=110+Stuart+St&citystatezip=02116,MultiFamily2To4,1117390,2009,"$2,395,000"
248,1775,42.390362,-71.006812,7,7500,http://www.zillow.com/webservice/GetDeepSearchResults.htm?zws-id=X1-ZWz1f9f43srdhn_5b1bv&address=166+Orient+Ave&citystatezip=02128,SingleFamily,566674,1925,"$649,900"
249,1134,42.321392,-71.115935,,174676,http://www.zillow.com/webservice/GetDeepSearchResults.htm?zws-id=X1-ZWz1f9f43srdhn_5b1bv&address=111+Perkins+St&citystatezip=02130,Apartment,,1963,"$650,000"
250,3383,42.294528,-71.130844,9,5227,http://www.zillow.com/webservice/GetDeepSearchResults.htm?zws-id=X1-ZWz1f9f43srdhn_5b1bv&address=186+Walter+St&citystatezip=02131,SingleFamily,847114,2009,"$824,999"
251,2184,42.265287,-71.103829,9,5227,http://www.zillow.com/webservice/GetDeepSearchResults.htm?zws-id=X1-ZWz1f9f43srdhn_5b1bv&address=54+Oakcrest+Rd&citystatezip=02136,SingleFamily,484475,1955,"$524,999"
254,2240,42.367194,-71.038482,9,1120,http://www.zillow.com/webservice/GetDeepSearchResults.htm?zws-id=X1-ZWz1f9f43srdhn_5b1bv&address=57+Webster+St&citystatezip=02128,MultiFamily2To4,573348,1910,"$649,000"
255,2612,42.311369,-71.068425,10,3920,http://www.zillow.com/webservice/GetDeepSearchResults.htm?zws-id=X1-ZWz1f9f43srdhn_5b1bv&address=9+Stanley+St&citystatezip=02125,MultiFamily2To4,377314,1929,"$399,850"
256,1267,42.273296,-71.164573,7,3920,http://www.zillow.com/webservice/GetDeepSearchResults.htm?zws-id=X1-ZWz1f9f43srdhn_5b1bv&address=90+Johnson+St&citystatezip=02132,SingleFamily,416607,1954,"$469,000"
257,2291,42.282256,-71.084145,9,5227,http://www.zillow.com/webservice/GetDeepSearchResults.htm?zws-id=X1-ZWz1f9f43srdhn_5b1bv&address=7+Hopkins+St&citystatezip=02124,SingleFamily,289043,1900,"$385,000"
258,2100,42.311587,-71.051323,,,http://www.zillow.com/webservice/GetDeepSearchResults.htm?zws-id=X1-ZWz1f9f43srdhn_5b1bv&address=22+Grampian+Way&citystatezip=02125,Townhouse,959437,2015,"$949,900"
260,1709,42.35025,-71.05741,,,http://www.zillow.com/webservice/GetDeepSearchResults.htm?zws-id=X1-ZWz1f9f43srdhn_5b1bv&address=210+South+St&citystatezip=02111,MultiFamily2To4,896234,1920,"$889,000"
262,2274,42.353689,-71.159173,10,5324,http://www.zillow.com/webservice/GetDeepSearchResults.htm?zws-id=X1-ZWz1f9f43srdhn_5b1bv&address=219+221+Faneuil&citystatezip=02135,MultiFamily2To4,775003,1920,"$819,000"
263,1082,42.260669,-71.161737,6,7405,http://www.zillow.com/webservice/GetDeepSearchResults.htm?zws-id=X1-ZWz1f9f43srdhn_5b1bv&address=46+Pleasantdale+Rd&citystatezip=02132,SingleFamily,393537,1960,"$409,000"
266,3653,42.287723,-71.068284,14,12196,http://www.zillow.com/webservice/GetDeepSearchResults.htm?zws-id=X1-ZWz1f9f43srdhn_5b1bv&address=102+Ocean+St&citystatezip=02124,SingleFamily,684006,1899,"$949,000"
267,2600,42.365436,-71.029556,,3049,http://www.zillow.com/webservice/GetDeepSearchResults.htm?zws-id=X1-ZWz1f9f43srdhn_5b1bv&address=254+258+Everett&citystatezip=02128,MultiFamily2To4,642114,1900,"$999,900"
268,4109,42.296092,-71.081367,15,6098,http://www.zillow.com/webservice/GetDeepSearchResults.htm?zws-id=X1-ZWz1f9f43srdhn_5b1bv&address=152+Harvard+St&citystatezip=02124,MultiFamily2To4,545569,1925,"$559,000"
269,1944,42.274702,-71.08973,7,4791,http://www.zillow.com/webservice/GetDeepSearchResults.htm?zws-id=X1-ZWz1f9f43srdhn_5b1bv&address=31+Violet+St&citystatezip=02126,SingleFamily,332034,1955,"$409,900"
270,3414,42.287371,-71.073963,15,4792,http://www.zillow.com/webservice/GetDeepSearchResults.htm?zws-id=X1-ZWz1f9f43srdhn_5b1bv&address=53+Torrey+St&citystatezip=02124,MultiFamily2To4,525076,1920,"$589,000"
271,2022,42.291918,-71.116666,10,3297,http://www.zillow.com/webservice/GetDeepSearchResults.htm?zws-id=X1-ZWz1f9f43srdhn_5b1bv&address=222+Wachusett+St&citystatezip=02130,MultiFamily2To4,582284,1928,"$749,000"
272,1109,42.338073,-71.07164,4,1306,http://www.zillow.com/webservice/GetDeepSearchResults.htm?zws-id=X1-ZWz1f9f43srdhn_5b1bv&address=725+Harrison+Ave&citystatezip=02118,Condominium,786621,2006,"$327,000"
273,1131,42.383911,-71.112991,6,1131,http://www.zillow.com/webservice/GetDeepSearchResults.htm?zws-id=X1-ZWz1f9f43srdhn_5b1bv&address=295+Beacon+St&citystatezip=02116,MultiFamily2To4,945649,1885,"$580,000"
274,1020,42.349837,-71.08668,4,1295,http://www.zillow.com/webservice/GetDeepSearchResults.htm?zws-id=X1-ZWz1f9f43srdhn_5b1bv&address=321+Commonwealth+Ave&citystatezip=02115,Condominium,791904,1880,"$195,000"
277,1000,42.314,-71.06,,,http://www.zillow.com/webservice/GetDeepSearchResults.htm?zws-id=X1-ZWz1f9f43srdhn_5b1bv&address=12+Hesston+Ter&citystatezip=02125,MultiFamily2To4,447252,,"$220,000"
278,663,42.286489,-71.09086,4,663,http://www.zillow.com/webservice/GetDeepSearchResults.htm?zws-id=X1-ZWz1f9f43srdhn_5b1bv&address=1111+1115+Blue&citystatezip=02124,Condominium,172755,1920,
279,585,42.350948,-71.082595,,435,http://www.zillow.com/webservice/GetDeepSearchResults.htm?zws-id=X1-ZWz1f9f43srdhn_5b1bv&address=239+Commonwealth+Ave&citystatezip=02116,Townhouse,701399,1900,"$489,000"
280,8855,42.306763,-71.086784,,10018,http://www.zillow.com/webservice/GetDeepSearchResults.htm?zws-id=X1-ZWz1f9f43srdhn_5b1bv&address=250+Seaver+St&citystatezip=02121,SingleFamily,778509,1910,"$769,000"
281,619,42.34392,-71.09743,,435,http://www.zillow.com/webservice/GetDeepSearchResults.htm?zws-id=X1-ZWz1f9f43srdhn_5b1bv&address=86+Jersey+St&citystatezip=02215,MultiFamily2To4,402178,1920,"$430,000"
282,1155,42.270816,-71.113105,,,http://www.zillow.com/webservice/GetDeepSearchResults.htm?zws-id=X1-ZWz1f9f43srdhn_5b1bv&address=33+Victoria+Heights&citystatezip=02136,Townhouse,237431,1987,"$189,000"
283,757,42.34549,-71.08759,,,http://www.zillow.com/webservice/GetDeepSearchResults.htm?zws-id=X1-ZWz1f9f43srdhn_5b1bv&address=34+Edgerly+Rd&citystatezip=02115,MultiFamily2To4,603982,,"$459,000"
284,1326,42.266393,-71.161393,6,7405,http://www.zillow.com/webservice/GetDeepSearchResults.htm?zws-id=X1-ZWz1f9f43srdhn_5b1bv&address=40+Cottage+Rd&citystatezip=02132,SingleFamily,373509,1920,"$299,000"
285,,42.34432,-71.14406,,,http://www.zillow.com/webservice/GetDeepSearchResults.htm?zws-id=X1-ZWz1f9f43srdhn_5b1bv&address=100+Washington+St&citystatezip=02135,MultiFamily5Plus,,1925,"$315,000"
286,850,42.325317,-71.106414,,,http://www.zillow.com/webservice/GetDeepSearchResults.htm?zws-id=X1-ZWz1f9f43srdhn_5b1bv&address=126+Minden+St&citystatezip=02130,Apartment,,,"$375,000"
287,250,42.35919,-71.06667,1,260,http://www.zillow.com/webservice/GetDeepSearchResults.htm?zws-id=X1-ZWz1f9f43srdhn_5b1bv&address=5+Myrtle+St&citystatezip=02114,MultiFamily5Plus,,1899,"$600,000"
288,806,42.350556,-71.133574,5,806,http://www.zillow.com/webservice/GetDeepSearchResults.htm?zws-id=X1-ZWz1f9f43srdhn_5b1bv&address=69+Quint+Ave&citystatezip=02134,MultiFamily2To4,343191,1920,"$300,000"
289,1687,42.380982,-71.029324,6,1386,http://www.zillow.com/webservice/GetDeepSearchResults.htm?zws-id=X1-ZWz1f9f43srdhn_5b1bv&address=288+Lexington+St&citystatezip=02128,SingleFamily,301289,1900,"$395,000"
290,1374,42.249317,-71.12561,6,1374,http://www.zillow.com/webservice/GetDeepSearchResults.htm?zws-id=X1-ZWz1f9f43srdhn_5b1bv&address=23+Grantley+St&citystatezip=02136,Condominium,368338,2002,"$275,000"
291,,42.287379,-71.041251,,,http://www.zillow.com/webservice/GetDeepSearchResults.htm?zws-id=X1-ZWz1f9f43srdhn_5b1bv&address=1+Lorenzo+St&citystatezip=02122,Unknown,436931,,"$299,000"
292,1210,42.293717,-71.13789,7,5740,http://www.zillow.com/webservice/GetDeepSearchResults.htm?zws-id=X1-ZWz1f9f43srdhn_5b1bv&address=144+Weld+St&citystatezip=02132,SingleFamily,499353,1940,
293,715,42.359712,-71.064995,4,715,http://www.zillow.com/webservice/GetDeepSearchResults.htm?zws-id=X1-ZWz1f9f43srdhn_5b1bv&address=39+Joy+St&citystatezip=02114,Condominium,608050,1899,"$649,000"
294,1110,42.258068,-71.159329,5,,http://www.zillow.com/webservice/GetDeepSearchResults.htm?zws-id=X1-ZWz1f9f43srdhn_5b1bv&address=25+Rockland+St&citystatezip=02132,Condominium,422825,1984,"$289,900"
295,600,42.298137,-71.056755,4,1297,http://www.zillow.com/webservice/GetDeepSearchResults.htm?zws-id=X1-ZWz1f9f43srdhn_5b1bv&address=336+Adams+St&citystatezip=02122,Condominium,193455,1990,"$164,900"
296,495,42.351065,-71.168442,6,495,http://www.zillow.com/webservice/GetDeepSearchResults.htm?zws-id=X1-ZWz1f9f43srdhn_5b1bv&address=431+Faneuil+St&citystatezip=02135,Condominium,246526,1935,"$199,000"
297,2609,42.284419,-71.165611,13,6534,http://www.zillow.com/webservice/GetDeepSearchResults.htm?zws-id=X1-ZWz1f9f43srdhn_5b1bv&address=139+Perham+St&citystatezip=02132,Duplex,624353,1900,"$339,900"
298,3339,42.337647,-71.039769,12,1722,http://www.zillow.com/webservice/GetDeepSearchResults.htm?zws-id=X1-ZWz1f9f43srdhn_5b1bv&address=12+I+St&citystatezip=02127,Apartment,,1905,"$499,000"
299,2908,42.383732,-71.078964,12,3755,http://www.zillow.com/webservice/GetDeepSearchResults.htm?zws-id=X1-ZWz1f9f43srdhn_5b1bv&address=11+Parker+St&citystatezip=02129,Triplex,743523,1900,"$345,000"
301,720,42.28592,-71.149093,3,720,http://www.zillow.com/webservice/GetDeepSearchResults.htm?zws-id=X1-ZWz1f9f43srdhn_5b1bv&address=416+Belgrade+Ave&citystatezip=02132,Condominium,238103,1966,"$175,000"
303,2755,42.374177,-71.062041,9,1099,http://www.zillow.com/webservice/GetDeepSearchResults.htm?zws-id=X1-ZWz1f9f43srdhn_5b1bv&address=17+Monument+Ave&citystatezip=02129,SingleFamily,1593618,1863,"$1,799,000"
305,1200,42.330642,-71.046318,,,http://www.zillow.com/webservice/GetDeepSearchResults.htm?zws-id=X1-ZWz1f9f43srdhn_5b1bv&address=1326+Columbia+Rd&citystatezip=02127,Apartment,,,"$429,900"
306,1100,42.24244,-71.137778,6,5227,http://www.zillow.com/webservice/GetDeepSearchResults.htm?zws-id=X1-ZWz1f9f43srdhn_5b1bv&address=14+Edson+St&citystatezip=02136,SingleFamily,370478,1960,"$349,000"
307,3192,42.304994,-71.114283,18,3207,http://www.zillow.com/webservice/GetDeepSearchResults.htm?zws-id=X1-ZWz1f9f43srdhn_5b1bv&address=8+Hall+St&citystatezip=02130,Triplex,943297,1905,"$399,000"
308,,42.359374,-71.06462,,,http://www.zillow.com/webservice/GetDeepSearchResults.htm?zws-id=X1-ZWz1f9f43srdhn_5b1bv&address=3+Myrtle+St&citystatezip=02114,Condominium,913474,1898,"$999,999"
309,650,42.35826,-71.06568,,,http://www.zillow.com/webservice/GetDeepSearchResults.htm?zws-id=X1-ZWz1f9f43srdhn_5b1bv&address=73+Mount+Vernon&citystatezip=02108,MultiFamily2To4,905228,,"$6,500,000"
310,3834,42.30611,-71.068819,18,3920,http://www.zillow.com/webservice/GetDeepSearchResults.htm?zws-id=X1-ZWz1f9f43srdhn_5b1bv&address=41+Norton+St&citystatezip=02125,MultiFamily2To4,580538,1905,
311,3525,42.349357,-71.162817,15,4323,http://www.zillow.com/webservice/GetDeepSearchResults.htm?zws-id=X1-ZWz1f9f43srdhn_5b1bv&address=7+Fairbanks+St&citystatezip=02135,Apartment,,1910,"$329,000"
312,686,42.375656,-71.052573,4,,http://www.zillow.com/webservice/GetDeepSearchResults.htm?zws-id=X1-ZWz1f9f43srdhn_5b1bv&address=42+8th+St&citystatezip=02129,Condominium,573358,1899,"$615,000"
313,,42.30865,-71.111526,,,http://www.zillow.com/webservice/GetDeepSearchResults.htm?zws-id=X1-ZWz1f9f43srdhn_5b1bv&address=76+Elm+St&citystatezip=02130,MultiFamily2To4,638593,,"$310,000"
314,875,42.343092,-71.08612,4,871,http://www.zillow.com/webservice/GetDeepSearchResults.htm?zws-id=X1-ZWz1f9f43srdhn_5b1bv&address=25+Saint+Stephen&citystatezip=02115,Apartment,,1905,"$439,000"
315,,42.342765,-71.073959,,,http://www.zillow.com/webservice/GetDeepSearchResults.htm?zws-id=X1-ZWz1f9f43srdhn_5b1bv&address=609+Tremont+St&citystatezip=02118,SingleFamily,884609,,"$895,000"
316,3768,42.300138,-71.084795,15,4832,http://www.zillow.com/webservice/GetDeepSearchResults.htm?zws-id=X1-ZWz1f9f43srdhn_5b1bv&address=31+Mclellan+St&citystatezip=02121,MultiFamily2To4,530997,1910,"$475,000"
319,325,42.345768,-71.08819,4,9999,http://www.zillow.com/webservice/GetDeepSearchResults.htm?zws-id=X1-ZWz1f9f43srdhn_5b1bv&address=12+Stoneholm+St&citystatezip=02115,Condominium,657821,1920,"$459,000"
320,2652,42.271083,-71.099196,11,5662,http://www.zillow.com/webservice/GetDeepSearchResults.htm?zws-id=X1-ZWz1f9f43srdhn_5b1bv&address=10+Brockton+St&citystatezip=02126,MultiFamily2To4,465304,1935,"$330,000"
321,1881,42.33243,-71.040027,,1045,http://www.zillow.com/webservice/GetDeepSearchResults.htm?zws-id=X1-ZWz1f9f43srdhn_5b1bv&address=167+I+St&citystatezip=02127,Miscellaneous,885435,1945,"$749,000"
322,1853,42.282086,-71.140952,8,4791,http://www.zillow.com/webservice/GetDeepSearchResults.htm?zws-id=X1-ZWz1f9f43srdhn_5b1bv&address=44+Eastbourne+St&citystatezip=02131,SingleFamily,428278,1920,"$689,000"
324,1800,42.3275,-71.1,8,1775,http://www.zillow.com/webservice/GetDeepSearchResults.htm?zws-id=X1-ZWz1f9f43srdhn_5b1bv&address=841+Parker+St&citystatezip=02120,MultiFamily5Plus,,1899,"$425,000"
325,715,42.359712,-71.064995,5,715,http://www.zillow.com/webservice/GetDeepSearchResults.htm?zws-id=X1-ZWz1f9f43srdhn_5b1bv&address=39+Joy+Street&citystatezip=02114,Condominium,663796,1899,"$689,975"
326,,42.358978,-71.067573,,,http://www.zillow.com/webservice/GetDeepSearchResults.htm?zws-id=X1-ZWz1f9f43srdhn_5b1bv&address=65+Pinckney+St&citystatezip=02114,Unknown,,,"$1,365,000"
327,512,42.33524,-71.07583,2,,http://www.zillow.com/webservice/GetDeepSearchResults.htm?zws-id=X1-ZWz1f9f43srdhn_5b1bv&address=691+Massachusetts+Ave&citystatezip=02118,MultiFamily2To4,441474,,"$775,000"
328,1984,42.355525,-71.073379,6,1984,http://www.zillow.com/webservice/GetDeepSearchResults.htm?zws-id=X1-ZWz1f9f43srdhn_5b1bv&address=100+Beacon+St&citystatezip=02116,Condominium,3205252,1920,"$3,400,000"
329,1385,42.360076,-71.065757,,,http://www.zillow.com/webservice/GetDeepSearchResults.htm?zws-id=X1-ZWz1f9f43srdhn_5b1bv&address=38+S+Russell&citystatezip=02114,Condominium,1984574,1906,"$1,750,000"
330,2040,42.333292,-71.034571,9,1390,http://www.zillow.com/webservice/GetDeepSearchResults.htm?zws-id=X1-ZWz1f9f43srdhn_5b1bv&address=650+E+6th&citystatezip=02127,Duplex,724181,1890,"$599,900"
331,654,42.359246,-71.067376,3,654,http://www.zillow.com/webservice/GetDeepSearchResults.htm?zws-id=X1-ZWz1f9f43srdhn_5b1bv&address=84+Myrtle+St&citystatezip=02114,Condominium,657442,1860,"$739,000"
332,8552,42.349639,-71.084739,28,3049,http://www.zillow.com/webservice/GetDeepSearchResults.htm?zws-id=X1-ZWz1f9f43srdhn_5b1bv&address=288+Commonwealth+Ave&citystatezip=02115,MultiFamily2To4,5292561,1899,"$8,775,000"
333,1722,42.318042,-71.113327,6,1722,http://www.zillow.com/webservice/GetDeepSearchResults.htm?zws-id=X1-ZWz1f9f43srdhn_5b1bv&address=509+Centre+St&citystatezip=02130,Condominium,742656,1899,"$709,000"
334,3153,42.261612,-71.12253,9,3049,http://www.zillow.com/webservice/GetDeepSearchResults.htm?zws-id=X1-ZWz1f9f43srdhn_5b1bv&address=1111+Hyde+Park&citystatezip=02136,SingleFamily,481886,1890,"$284,900"
335,1067,42.338061,-71.02807,3,1067,http://www.zillow.com/webservice/GetDeepSearchResults.htm?zws-id=X1-ZWz1f9f43srdhn_5b1bv&address=881+E+1st&citystatezip=02127,Condominium,,1899,"$1,100,000"
336,1472,42.278913,-71.141094,6,4791,http://www.zillow.com/webservice/GetDeepSearchResults.htm?zws-id=X1-ZWz1f9f43srdhn_5b1bv&address=285+Roslindale+Ave&citystatezip=02131,SingleFamily,439406,1920,"$459,900"
337,1530,42.319311,-71.078793,,,http://www.zillow.com/webservice/GetDeepSearchResults.htm?zws-id=X1-ZWz1f9f43srdhn_5b1bv&address=67+Clifford+St&citystatezip=02119,Condominium,576426,,"$345,000"
338,660,42.337641,-71.070266,4,660,http://www.zillow.com/webservice/GetDeepSearchResults.htm?zws-id=X1-ZWz1f9f43srdhn_5b1bv&address=99+E+Brookline&citystatezip=02118,Condominium,538034,1875,"$575,000"
339,1013,42.3486,-71.090343,,9999,http://www.zillow.com/webservice/GetDeepSearchResults.htm?zws-id=X1-ZWz1f9f43srdhn_5b1bv&address=390+Commonwealth+Ave&citystatezip=02215,Condominium,959251,1910,"$950,000"
341,1051,42.363991,-71.066646,,11848,http://www.zillow.com/webservice/GetDeepSearchResults.htm?zws-id=X1-ZWz1f9f43srdhn_5b1bv&address=121+Portland+St&citystatezip=02114,Condominium,481232,2016,"$575,000"
342,733,42.379428,-71.06482,,871,http://www.zillow.com/webservice/GetDeepSearchResults.htm?zws-id=X1-ZWz1f9f43srdhn_5b1bv&address=73+Sullivan+St&citystatezip=02129,Unknown,537895,1899,"$515,300"
343,399,42.343083,-71.103753,2,399,http://www.zillow.com/webservice/GetDeepSearchResults.htm?zws-id=X1-ZWz1f9f43srdhn_5b1bv&address=116+Riverway+UNIT&citystatezip=02215,Condominium,342145,1918,"$409,900"
344,2808,42.339909,-71.051235,14,1336,http://www.zillow.com/webservice/GetDeepSearchResults.htm?zws-id=X1-ZWz1f9f43srdhn_5b1bv&address=192+Athens+St&citystatezip=02127,MultiFamily2To4,1042932,1900,"$615,000"
345,2110,42.279494,-71.161033,6,4591,http://www.zillow.com/webservice/GetDeepSearchResults.htm?zws-id=X1-ZWz1f9f43srdhn_5b1bv&address=32+Hillcrest+St&citystatezip=02132,SingleFamily,547396,1910,"$559,900"
346,713,42.32356,-71.11227,,,http://www.zillow.com/webservice/GetDeepSearchResults.htm?zws-id=X1-ZWz1f9f43srdhn_5b1bv&address=339+S+Huntington&citystatezip=02130,Condominium,308712,1910,"$329,000"
347,856,42.352451,-71.075298,3,856,http://www.zillow.com/webservice/GetDeepSearchResults.htm?zws-id=X1-ZWz1f9f43srdhn_5b1bv&address=90+Commonwealth+Ave&citystatezip=02116,Condominium,801040,1890,"$1,749,000"
348,1655,42.382919,-71.079788,5,1655,http://www.zillow.com/webservice/GetDeepSearchResults.htm?zws-id=X1-ZWz1f9f43srdhn_5b1bv&address=1+Hadley+St&citystatezip=02129,Condominium,685715,2011,"$699,000"
349,756,42.34373,-71.08807,,9995,http://www.zillow.com/webservice/GetDeepSearchResults.htm?zws-id=X1-ZWz1f9f43srdhn_5b1bv&address=43+Westland+Ave&citystatezip=02115,MultiFamily2To4,610788,1910,"$529,000"
350,4208,42.337768,-71.077758,,1306,http://www.zillow.com/webservice/GetDeepSearchResults.htm?zws-id=X1-ZWz1f9f43srdhn_5b1bv&address=521+Shawmut+Ave&citystatezip=02118,MultiFamily2To4,2557893,1899,"$2,299,000"
351,1478,42.33244,-71.03223,7,,http://www.zillow.com/webservice/GetDeepSearchResults.htm?zws-id=X1-ZWz1f9f43srdhn_5b1bv&address=690+E+7th&citystatezip=02127,Condominium,715413,,"$699,000"
352,858,42.354236,-71.052278,3,9999,http://www.zillow.com/webservice/GetDeepSearchResults.htm?zws-id=X1-ZWz1f9f43srdhn_5b1bv&address=500+Atlantic+Ave&citystatezip=02210,Condominium,1110341,2006,"$596,000"
353,1263,42.381377,-71.067598,4,1263,http://www.zillow.com/webservice/GetDeepSearchResults.htm?zws-id=X1-ZWz1f9f43srdhn_5b1bv&address=342+Bunker+Hill&citystatezip=02129,Condominium,713760,1899,"$680,000"
354,3981,42.343152,-71.076143,10,1742,http://www.zillow.com/webservice/GetDeepSearchResults.htm?zws-id=X1-ZWz1f9f43srdhn_5b1bv&address=185+W+Brookline&citystatezip=02118,SingleFamily,4173575,1890,"$4,800,000"
355,3780,42.299593,-71.072033,18,4791,http://www.zillow.com/webservice/GetDeepSearchResults.htm?zws-id=X1-ZWz1f9f43srdhn_5b1bv&address=12+Greenbrier+St&citystatezip=02124,MultiFamily2To4,518882,1905,
357,1200,42.3345,-71.0399,,,http://www.zillow.com/webservice/GetDeepSearchResults.htm?zws-id=X1-ZWz1f9f43srdhn_5b1bv&address=108+I+St&citystatezip=02127,Condominium,,,"$619,000"
358,,42.34553,-71.10447,,,http://www.zillow.com/webservice/GetDeepSearchResults.htm?zws-id=X1-ZWz1f9f43srdhn_5b1bv&address=451+Park+Dr&citystatezip=02215,MultiFamily2To4,536220,,"$579,000"
359,,42.27684,-71.08874,,,http://www.zillow.com/webservice/GetDeepSearchResults.htm?zws-id=X1-ZWz1f9f43srdhn_5b1bv&address=130+Delhi+St&citystatezip=02126,Condominium,266333,,"$149,000"
361,2244,42.28858,-71.144611,10,39204,http://www.zillow.com/webservice/GetDeepSearchResults.htm?zws-id=X1-ZWz1f9f43srdhn_5b1bv&address=1633+Centre+St&citystatezip=02132,SingleFamily,755055,1855,"$1,200,000"
362,1809,42.275821,-71.146573,8,4791,http://www.zillow.com/webservice/GetDeepSearchResults.htm?zws-id=X1-ZWz1f9f43srdhn_5b1bv&address=101+Lagrange+St&citystatezip=02132,SingleFamily,544249,1929,"$515,000"
363,700,42.300982,-71.054413,,700,http://www.zillow.com/webservice/GetDeepSearchResults.htm?zws-id=X1-ZWz1f9f43srdhn_5b1bv&address=6+Ashland+St&citystatezip=02122,Condominium,286717,1910,"$669,000"
364,1860,42.334318,-71.051137,9,760,http://www.zillow.com/webservice/GetDeepSearchResults.htm?zws-id=X1-ZWz1f9f43srdhn_5b1bv&address=187+W+7th&citystatezip=02127,MultiFamily2To4,744397,1890,"$1,100,000"
365,2100,42.316955,-71.061981,,,http://www.zillow.com/webservice/GetDeepSearchResults.htm?zws-id=X1-ZWz1f9f43srdhn_5b1bv&address=70+Sumner+St&citystatezip=02125,Condominium,622119,2005,"$599,900"
366,1421,42.289911,-71.168314,7,3920,http://www.zillow.com/webservice/GetDeepSearchResults.htm?zws-id=X1-ZWz1f9f43srdhn_5b1bv&address=7+Glenham+St&citystatezip=02132,SingleFamily,530070,1953,"$549,000"
367,2146,42.28701,-71.086434,9,5662,http://www.zillow.com/webservice/GetDeepSearchResults.htm?zws-id=X1-ZWz1f9f43srdhn_5b1bv&address=6+Don+St&citystatezip=02124,SingleFamily,377085,1910,"$369,900"
368,456,42.36567,-71.056815,2,456,http://www.zillow.com/webservice/GetDeepSearchResults.htm?zws-id=X1-ZWz1f9f43srdhn_5b1bv&address=69+N+Margin&citystatezip=02113,Condominium,356008,1900,"$869,000"
369,1235,42.286399,-71.046577,,,http://www.zillow.com/webservice/GetDeepSearchResults.htm?zws-id=X1-ZWz1f9f43srdhn_5b1bv&address=22+Chickatawbut+St&citystatezip=02122,Condominium,511263,2016,"$599,000"
370,2412,42.289492,-71.151908,10,5390,http://www.zillow.com/webservice/GetDeepSearchResults.htm?zws-id=X1-ZWz1f9f43srdhn_5b1bv&address=72+Manthorne+Rd&citystatezip=02132,Duplex,666284,1920,"$630,000"
371,2000,42.332019,-71.056663,,18730,http://www.zillow.com/webservice/GetDeepSearchResults.htm?zws-id=X1-ZWz1f9f43srdhn_5b1bv&address=488+Dorchester+Ave&citystatezip=02127,SingleFamily,862797,1940,"$719,000"
372,1716,42.281232,-71.167073,7,6534,http://www.zillow.com/webservice/GetDeepSearchResults.htm?zws-id=X1-ZWz1f9f43srdhn_5b1bv&address=15+Dow+Rd&citystatezip=02132,SingleFamily,547890,1955,"$569,000"
373,1596,42.265285,-71.154208,6,3049,http://www.zillow.com/webservice/GetDeepSearchResults.htm?zws-id=X1-ZWz1f9f43srdhn_5b1bv&address=15+Kershaw+Rd&citystatezip=02132,SingleFamily,443154,1984,"$439,900"
374,1002,42.3722,-71.0629,,,http://www.zillow.com/webservice/GetDeepSearchResults.htm?zws-id=X1-ZWz1f9f43srdhn_5b1bv&address=15+Harvard+St&citystatezip=02129,MultiFamily2To4,695598,1835,"$949,000"
375,2870,42.294293,-71.067369,8,6534,http://www.zillow.com/webservice/GetDeepSearchResults.htm?zws-id=X1-ZWz1f9f43srdhn_5b1bv&address=35+Melville+Ave&citystatezip=02124,SingleFamily,664832,1885,"$899,000"
376,4192,42.341653,-71.065529,10,13503,http://www.zillow.com/webservice/GetDeepSearchResults.htm?zws-id=X1-ZWz1f9f43srdhn_5b1bv&address=58+Randolph+Rd&citystatezip=02467,SingleFamily,2373888,1928,"$2,450,000"
378,1793,42.270801,-71.113433,8,1793,http://www.zillow.com/webservice/GetDeepSearchResults.htm?zws-id=X1-ZWz1f9f43srdhn_5b1bv&address=41+Victoria+Heights&citystatezip=02136,Condominium,246287,1987,"$255,000"
379,2050,42.328801,-71.054878,10,1704,http://www.zillow.com/webservice/GetDeepSearchResults.htm?zws-id=X1-ZWz1f9f43srdhn_5b1bv&address=15+Wendeller+St&citystatezip=02127,Duplex,683977,1942,"$729,000"
380,538,42.329223,-71.094978,3,538,http://www.zillow.com/webservice/GetDeepSearchResults.htm?zws-id=X1-ZWz1f9f43srdhn_5b1bv&address=4+Centre+Pl&citystatezip=02119,Condominium,291337,1900,"$439,000"
381,4300,42.351783,-71.087321,,4300,http://www.zillow.com/webservice/GetDeepSearchResults.htm?zws-id=X1-ZWz1f9f43srdhn_5b1bv&address=448+Beacon+St&citystatezip=02115,Condominium,3709177,1888,"$3,950,000"
383,1350,42.35062,-71.08479,,,http://www.zillow.com/webservice/GetDeepSearchResults.htm?zws-id=X1-ZWz1f9f43srdhn_5b1bv&address=17+Gloucester+St&citystatezip=02115,MultiFamily2To4,,1886,"$3,950,000"
384,650,42.3435,-71.06539,,,http://www.zillow.com/webservice/GetDeepSearchResults.htm?zws-id=X1-ZWz1f9f43srdhn_5b1bv&address=40+Fay+St&citystatezip=02118,Apartment,,2006,"$479,000"
385,1815,42.35757,-71.05296,4,1410,http://www.zillow.com/webservice/GetDeepSearchResults.htm?zws-id=X1-ZWz1f9f43srdhn_5b1bv&address=80+Broad+St&citystatezip=02110,MultiFamily2To4,1563357,2006,"$1,950,000"
386,1380,42.3506,-71.1685,,,http://www.zillow.com/webservice/GetDeepSearchResults.htm?zws-id=X1-ZWz1f9f43srdhn_5b1bv&address=2+Tremont+St&citystatezip=02135,Condominium,603254,,"$649,000"
387,2200,42.268113,-71.127895,,6534,http://www.zillow.com/webservice/GetDeepSearchResults.htm?zws-id=X1-ZWz1f9f43srdhn_5b1bv&address=55+Asheville+Rd&citystatezip=02136,SingleFamily,547735,2016,"$549,000"
388,3282,42.333339,-71.030832,14,1620,http://www.zillow.com/webservice/GetDeepSearchResults.htm?zws-id=X1-ZWz1f9f43srdhn_5b1bv&address=732+E+6th&citystatezip=02127,MultiFamily2To4,1101971,2001,"$729,000"
389,1881,42.331603,-71.039829,,2508,http://www.zillow.com/webservice/GetDeepSearchResults.htm?zws-id=X1-ZWz1f9f43srdhn_5b1bv&address=167+167A+I&citystatezip=02127,MultiFamily2To4,898976,,"$749,000"
390,1856,42.3498,-71.0912,6,,http://www.zillow.com/webservice/GetDeepSearchResults.htm?zws-id=X1-ZWz1f9f43srdhn_5b1bv&address=459+Marlborough+St&citystatezip=02115,Condominium,1896487,1910,"$1,795,000"
391,2596,42.345897,-71.065864,,,http://www.zillow.com/webservice/GetDeepSearchResults.htm?zws-id=X1-ZWz1f9f43srdhn_5b1bv&address=136+Shawmut+Ave&citystatezip=02118,Condominium,1837734,,"$3,200,000"
394,1301,42.352554,-71.163475,,1301,http://www.zillow.com/webservice/GetDeepSearchResults.htm?zws-id=X1-ZWz1f9f43srdhn_5b1bv&address=141+Brooks+St&citystatezip=02135,Unknown,470018,1920,"$424,900"
395,687,42.339285,-71.075015,3,687,http://www.zillow.com/webservice/GetDeepSearchResults.htm?zws-id=X1-ZWz1f9f43srdhn_5b1bv&address=448+Shawmut+Ave&citystatezip=02118,Condominium,635649,1900,"$579,000"
396,890,42.34406,-71.15379,,,http://www.zillow.com/webservice/GetDeepSearchResults.htm?zws-id=X1-ZWz1f9f43srdhn_5b1bv&address=99+Chestnut+Hill&citystatezip=02135,MultiFamily2To4,468862,1924,"$599,000"
397,1425,42.342509,-71.083295,6,1425,http://www.zillow.com/webservice/GetDeepSearchResults.htm?zws-id=X1-ZWz1f9f43srdhn_5b1bv&address=15+Albemarle+St&citystatezip=02115,Condominium,1061806,1900,"$999,000"
398,1492,42.337269,-71.075844,4,1492,http://www.zillow.com/webservice/GetDeepSearchResults.htm?zws-id=X1-ZWz1f9f43srdhn_5b1bv&address=1690+Washington+St&citystatezip=02118,Condominium,972692,1910,"$979,000"
399,1069,42.357031,-71.059969,3,1069,http://www.zillow.com/webservice/GetDeepSearchResults.htm?zws-id=X1-ZWz1f9f43srdhn_5b1bv&address=45+Province+St&citystatezip=02108,Condominium,1145144,2009,"$1,325,000"
403,750,42.357674,-71.050501,3,880,http://www.zillow.com/webservice/GetDeepSearchResults.htm?zws-id=X1-ZWz1f9f43srdhn_5b1bv&address=65+E+India&citystatezip=02110,Condominium,722150,1972,"$850,000"
404,3477,42.331991,-71.038936,17,3750,http://www.zillow.com/webservice/GetDeepSearchResults.htm?zws-id=X1-ZWz1f9f43srdhn_5b1bv&address=539+E+7th&citystatezip=02127,Condominium,1249287,1899,"$649,999"
405,1588,42.341518,-71.081336,5,1588,http://www.zillow.com/webservice/GetDeepSearchResults.htm?zws-id=X1-ZWz1f9f43srdhn_5b1bv&address=1+Wellington+St&citystatezip=02118,Condominium,1541246,1910,"$1,300,000"
406,2836,42.350633,-71.057168,6,2836,http://www.zillow.com/webservice/GetDeepSearchResults.htm?zws-id=X1-ZWz1f9f43srdhn_5b1bv&address=134+Beach+St&citystatezip=02111,Apartment,,1900,"$1,627,500"
408,2000,42.332451,-71.028787,8,1797,http://www.zillow.com/webservice/GetDeepSearchResults.htm?zws-id=X1-ZWz1f9f43srdhn_5b1bv&address=794+E+7th&citystatezip=02127,Condominium,1172470,2000,"$849,900"
409,1674,42.271572,-71.148042,8,3920,http://www.zillow.com/webservice/GetDeepSearchResults.htm?zws-id=X1-ZWz1f9f43srdhn_5b1bv&address=41+Alleyne+St&citystatezip=02132,SingleFamily,531219,1925,"$488,900"
410,2016,42.34573,-71.071306,9,713,http://www.zillow.com/webservice/GetDeepSearchResults.htm?zws-id=X1-ZWz1f9f43srdhn_5b1bv&address=23+Gray+St&citystatezip=02116,SingleFamily,2452010,1865,"$2,495,000"
411,2400,42.359604,-71.063453,10,435,http://www.zillow.com/webservice/GetDeepSearchResults.htm?zws-id=X1-ZWz1f9f43srdhn_5b1bv&address=60+Temple+St&citystatezip=02114,Condominium,2187074,1899,"$2,050,000"
412,2317,42.298067,-71.082722,11,5227,http://www.zillow.com/webservice/GetDeepSearchResults.htm?zws-id=X1-ZWz1f9f43srdhn_5b1bv&address=47+Bicknell+St&citystatezip=02121,SingleFamily,403539,1920,"$575,000"
415,3177,42.312041,-71.09909,17,5227,http://www.zillow.com/webservice/GetDeepSearchResults.htm?zws-id=X1-ZWz1f9f43srdhn_5b1bv&address=45+Iffley+Rd&citystatezip=02130,MultiFamily2To4,713575,1905,"$1,159,000"
417,1250,42.321731,-71.122276,3,980100,http://www.zillow.com/webservice/GetDeepSearchResults.htm?zws-id=X1-ZWz1f9f43srdhn_5b1bv&address=241+Perkins+St&citystatezip=02130,Condominium,744982,1880,"$749,000"
419,910,42.374364,-71.062546,4,871,http://www.zillow.com/webservice/GetDeepSearchResults.htm?zws-id=X1-ZWz1f9f43srdhn_5b1bv&address=83+Warren+St&citystatezip=02129,Condominium,646042,1760,"$1,000,000"
423,800,42.36555,-71.05616,4,726,http://www.zillow.com/webservice/GetDeepSearchResults.htm?zws-id=X1-ZWz1f9f43srdhn_5b1bv&address=90+Prince+St&citystatezip=02113,MultiFamily5Plus,,1987,"$605,000"
424,4700,42.357053,-71.071348,7,1235,http://www.zillow.com/webservice/GetDeepSearchResults.htm?zws-id=X1-ZWz1f9f43srdhn_5b1bv&address=32+Lime+St&citystatezip=02108,SingleFamily,5347716,1912,"$6,700,000"
425,1854,42.260247,-71.12844,5,5662,http://www.zillow.com/webservice/GetDeepSearchResults.htm?zws-id=X1-ZWz1f9f43srdhn_5b1bv&address=35+Hale+St&citystatezip=02136,SingleFamily,432274,1916,"$370,000"
426,1252,42.312206,-71.064249,,1252,http://www.zillow.com/webservice/GetDeepSearchResults.htm?zws-id=X1-ZWz1f9f43srdhn_5b1bv&address=103+Hancock+St&citystatezip=02125,Condominium,401934,,
427,737,42.283752,-71.056228,4,737,http://www.zillow.com/webservice/GetDeepSearchResults.htm?zws-id=X1-ZWz1f9f43srdhn_5b1bv&address=221+Minot+St&citystatezip=02124,Condominium,224766,1960,"$309,000"
428,568,42.337,-71.0504,3,,http://www.zillow.com/webservice/GetDeepSearchResults.htm?zws-id=X1-ZWz1f9f43srdhn_5b1bv&address=290+E+St&citystatezip=02127,Apartment,,1920,"$449,900"
429,654,42.380184,-71.029482,3,2613,http://www.zillow.com/webservice/GetDeepSearchResults.htm?zws-id=X1-ZWz1f9f43srdhn_5b1bv&address=284+Princeton+St&citystatezip=02128,Condominium,368884,1900,"$475,000"
432,3700,42.314594,-71.087486,,6098,http://www.zillow.com/webservice/GetDeepSearchResults.htm?zws-id=X1-ZWz1f9f43srdhn_5b1bv&address=43+Waumbeck+St&citystatezip=02121,MultiFamily2To4,381436,1900,"$689,000"
436,1317,42.36353,-71.066499,4,1317,http://www.zillow.com/webservice/GetDeepSearchResults.htm?zws-id=X1-ZWz1f9f43srdhn_5b1bv&address=2+Hawthorne+Pl&citystatezip=02114,Condominium,624318,1967,"$749,000"
437,2074,42.289173,-71.157878,9,13939,http://www.zillow.com/webservice/GetDeepSearchResults.htm?zws-id=X1-ZWz1f9f43srdhn_5b1bv&address=169+Corey+St&citystatezip=02132,SingleFamily,693014,1935,"$620,000"
438,1223,42.336696,-71.029499,10,1306,http://www.zillow.com/webservice/GetDeepSearchResults.htm?zws-id=X1-ZWz1f9f43srdhn_5b1bv&address=744+1+2&citystatezip=02127,Condominium,629868,1890,"$649,000"
439,2423,42.30972,-71.128007,6,9583,http://www.zillow.com/webservice/GetDeepSearchResults.htm?zws-id=X1-ZWz1f9f43srdhn_5b1bv&address=9+Woodland+Rd&citystatezip=02130,SingleFamily,1006588,1955,"$799,900"
440,1544,42.320624,-71.112944,7,2157,http://www.zillow.com/webservice/GetDeepSearchResults.htm?zws-id=X1-ZWz1f9f43srdhn_5b1bv&address=21+Halifax+St&citystatezip=02130,Condominium,618551,1925,"$699,000"
444,2214,42.28177,-71.149477,8,10720,http://www.zillow.com/webservice/GetDeepSearchResults.htm?zws-id=X1-ZWz1f9f43srdhn_5b1bv&address=254+Park+St&citystatezip=02132,SingleFamily,761875,1900,"$769,000"
445,1838,42.354625,-71.169145,6,5662,http://www.zillow.com/webservice/GetDeepSearchResults.htm?zws-id=X1-ZWz1f9f43srdhn_5b1bv&address=16+Bellamy+St&citystatezip=02135,SingleFamily,613141,1950,"$649,900"
446,2293,42.294934,-71.161812,9,10454,http://www.zillow.com/webservice/GetDeepSearchResults.htm?zws-id=X1-ZWz1f9f43srdhn_5b1bv&address=7+Keane+Rd&citystatezip=02132,SingleFamily,778471,1955,"$789,900"
447,2300,42.313187,-71.110496,9,2957,http://www.zillow.com/webservice/GetDeepSearchResults.htm?zws-id=X1-ZWz1f9f43srdhn_5b1bv&address=94+Rockview+St&citystatezip=02130,SingleFamily,895052,1905,"$869,000"
448,5558,42.351731,-71.081953,11,2800,http://www.zillow.com/webservice/GetDeepSearchResults.htm?zws-id=X1-ZWz1f9f43srdhn_5b1bv&address=244+Marlborough+St&citystatezip=02116,SingleFamily,5037882,1890,"$5,950,000"
449,1268,42.354474,-71.165723,7,4791,http://www.zillow.com/webservice/GetDeepSearchResults.htm?zws-id=X1-ZWz1f9f43srdhn_5b1bv&address=33+Hardwick+St&citystatezip=02135,SingleFamily,631070,1940,"$679,000"
450,1655,42.293121,-71.077,6,6098,http://www.zillow.com/webservice/GetDeepSearchResults.htm?zws-id=X1-ZWz1f9f43srdhn_5b1bv&address=97+Millet+St&citystatezip=02124,SingleFamily,359608,1883,"$415,000"
455,3261,42.385135,-71.002222,,2560,http://www.zillow.com/webservice/GetDeepSearchResults.htm?zws-id=X1-ZWz1f9f43srdhn_5b1bv&address=1350+Saratoga+St&citystatezip=02128,MultiFamily2To4,595365,1910,"$799,900"
459,3702,42.312499,-71.062559,17,4791,http://www.zillow.com/webservice/GetDeepSearchResults.htm?zws-id=X1-ZWz1f9f43srdhn_5b1bv&address=72+Downer+Ave&citystatezip=02125,MultiFamily2To4,830111,1905,"$549,000"
460,2288,42.266415,-71.104121,10,4000,http://www.zillow.com/webservice/GetDeepSearchResults.htm?zws-id=X1-ZWz1f9f43srdhn_5b1bv&address=181+Ruskindale+Rd&citystatezip=02136,MultiFamily2To4,433555,1900,"$449,900"
463,2500,42.331645,-71.110061,18,2995,http://www.zillow.com/webservice/GetDeepSearchResults.htm?zws-id=X1-ZWz1f9f43srdhn_5b1bv&address=1+Parker+Hill&citystatezip=02120,MultiFamily2To4,1404820,1905,"$4,300,000"
464,3915,42.286955,-71.121119,,6083,http://www.zillow.com/webservice/GetDeepSearchResults.htm?zws-id=X1-ZWz1f9f43srdhn_5b1bv&address=2+Brookdale+St&citystatezip=02131,MultiFamily2To4,766691,,"$1,399,900"
465,711,42.348849,-71.074449,3,95907,http://www.zillow.com/webservice/GetDeepSearchResults.htm?zws-id=X1-ZWz1f9f43srdhn_5b1bv&address=400+Stuart+St&citystatezip=02116,SingleFamily,2887325,1922,"$2,350,000"
467,1186,42.27786,-71.098505,6,3927,http://www.zillow.com/webservice/GetDeepSearchResults.htm?zws-id=X1-ZWz1f9f43srdhn_5b1bv&address=154+Almont+St&citystatezip=02126,SingleFamily,267498,1950,"$329,900"
468,1200,42.374494,-71.036516,7,2500,http://www.zillow.com/webservice/GetDeepSearchResults.htm?zws-id=X1-ZWz1f9f43srdhn_5b1bv&address=196+Havre+St&citystatezip=02128,MultiFamily2To4,,1890,"$545,000"
469,4062,42.307735,-71.077308,,3484,http://www.zillow.com/webservice/GetDeepSearchResults.htm?zws-id=X1-ZWz1f9f43srdhn_5b1bv&address=148+Stanwood+St&citystatezip=02121,MultiFamily2To4,596320,1903,"$599,000"
471,1750,42.286435,-71.117549,,5000,http://www.zillow.com/webservice/GetDeepSearchResults.htm?zws-id=X1-ZWz1f9f43srdhn_5b1bv&address=34+Neponset+Ave&citystatezip=02131,Condominium,534785,2016,"$630,000"
473,2750,42.32912,-71.05345,,,http://www.zillow.com/webservice/GetDeepSearchResults.htm?zws-id=X1-ZWz1f9f43srdhn_5b1bv&address=22+Liberty+Dr&citystatezip=02210,MultiFamily2To4,1226455,2015,"$1,579,000"
474,2208,42.292856,-71.147124,9,5662,http://www.zillow.com/webservice/GetDeepSearchResults.htm?zws-id=X1-ZWz1f9f43srdhn_5b1bv&address=38+Parklawn+Rd&citystatezip=02132,SingleFamily,718705,1920,"$719,000"
477,2194,42.264203,-71.119223,10,9147,http://www.zillow.com/webservice/GetDeepSearchResults.htm?zws-id=X1-ZWz1f9f43srdhn_5b1bv&address=58+Westminster+St&citystatezip=02136,MultiFamily2To4,436191,1880,
478,1266,42.341941,-71.066833,6,1266,http://www.zillow.com/webservice/GetDeepSearchResults.htm?zws-id=X1-ZWz1f9f43srdhn_5b1bv&address=485+Harrison+Ave&citystatezip=02118,Condominium,937538,2004,"$1,195,000"
479,1663,42.316034,-71.107363,6,1742,http://www.zillow.com/webservice/GetDeepSearchResults.htm?zws-id=X1-ZWz1f9f43srdhn_5b1bv&address=196+Chestnut+Ave&citystatezip=02130,Townhouse,706177,1988,"$699,000"
481,1240,42.35128,-71.0671,,,http://www.zillow.com/webservice/GetDeepSearchResults.htm?zws-id=X1-ZWz1f9f43srdhn_5b1bv&address=1+Charles+St&citystatezip=02116,MultiFamily2To4,1260763,2004,"$1,699,000"
482,2576,42.318715,-71.10912,12,5662,http://www.zillow.com/webservice/GetDeepSearchResults.htm?zws-id=X1-ZWz1f9f43srdhn_5b1bv&address=45+Oakview+Ter&citystatezip=02130,SingleFamily,948072,1905,"$949,000"
483,3768,42.294897,-71.084062,17,3484,http://www.zillow.com/webservice/GetDeepSearchResults.htm?zws-id=X1-ZWz1f9f43srdhn_5b1bv&address=74+Nightingale+St&citystatezip=02124,MultiFamily2To4,484203,1905,"$399,999"
485,7540,42.295902,-71.064888,22,20234,http://www.zillow.com/webservice/GetDeepSearchResults.htm?zws-id=X1-ZWz1f9f43srdhn_5b1bv&address=10+Upland+Ave&citystatezip=02124,Triplex,1359274,1920,"$1,395,000"
486,2000,42.335131,-71.055187,,,http://www.zillow.com/webservice/GetDeepSearchResults.htm?zws-id=X1-ZWz1f9f43srdhn_5b1bv&address=1+D+St&citystatezip=02127,Condominium,787069,2016,"$1,000,000"
488,847,42.348107,-71.087809,3,871,http://www.zillow.com/webservice/GetDeepSearchResults.htm?zws-id=X1-ZWz1f9f43srdhn_5b1bv&address=360+Newbury+St&citystatezip=02115,Condominium,846707,2006,"$1,150,000"
489,,42.34853,-71.0828,,,http://www.zillow.com/webservice/GetDeepSearchResults.htm?zws-id=X1-ZWz1f9f43srdhn_5b1bv&address=776+Boylston+St&citystatezip=02199,Condominium,2704622,,"$5,990,000"
490,4470,42.29422,-71.080535,18,3484,http://www.zillow.com/webservice/GetDeepSearchResults.htm?zws-id=X1-ZWz1f9f43srdhn_5b1bv&address=4+Browning+Ave&citystatezip=02124,MultiFamily2To4,514677,1900,"$659,900"
491,3771,42.331183,-71.038136,14,3920,http://www.zillow.com/webservice/GetDeepSearchResults.htm?zws-id=X1-ZWz1f9f43srdhn_5b1bv&address=585+E+8th&citystatezip=02127,MultiFamily2To4,1205147,1907,"$1,800,000"
492,2000,42.357723,-71.071952,,,http://www.zillow.com/webservice/GetDeepSearchResults.htm?zws-id=X1-ZWz1f9f43srdhn_5b1bv&address=37+Brimmer+St&citystatezip=02108,Apartment,,,"$3,995,000"
494,985,42.380699,-71.066268,,,http://www.zillow.com/webservice/GetDeepSearchResults.htm?zws-id=X1-ZWz1f9f43srdhn_5b1bv&address=306+Bunker+Hill&citystatezip=02129,Condominium,594314,1992,"$639,900"
495,1055,42.26757,-71.15037,,,http://www.zillow.com/webservice/GetDeepSearchResults.htm?zws-id=X1-ZWz1f9f43srdhn_5b1bv&address=4975+Washington+St&citystatezip=02132,Condominium,292897,1986,"$299,000"
499,1679,42.291523,-71.112758,6,5662,http://www.zillow.com/webservice/GetDeepSearchResults.htm?zws-id=X1-ZWz1f9f43srdhn_5b1bv&address=14+Woodbourne+Rd&citystatezip=02130,SingleFamily,556306,1940,"$649,000"
500,1248,42.32132,-71.107855,8,2178,http://www.zillow.com/webservice/GetDeepSearchResults.htm?zws-id=X1-ZWz1f9f43srdhn_5b1bv&address=38+Sheridan+St&citystatezip=02130,Miscellaneous,519694,1890,"$929,000"
501,1755,42.342015,-71.078663,6,1755,http://www.zillow.com/webservice/GetDeepSearchResults.htm?zws-id=X1-ZWz1f9f43srdhn_5b1bv&address=44+Rutland+Sq&citystatezip=02118,Condominium,1743399,1875,"$1,295,000"
503,1035,42.35014,-71.09155,,,http://www.zillow.com/webservice/GetDeepSearchResults.htm?zws-id=X1-ZWz1f9f43srdhn_5b1bv&address=4+Charlesgate+E&citystatezip=02215,MultiFamily2To4,805218,,"$589,000"
504,1024,42.32502,-71.11208,,,http://www.zillow.com/webservice/GetDeepSearchResults.htm?zws-id=X1-ZWz1f9f43srdhn_5b1bv&address=242+S+Huntington&citystatezip=02130,MultiFamily5Plus,,,"$314,500"
505,2902,42.312617,-71.109716,13,7279,http://www.zillow.com/webservice/GetDeepSearchResults.htm?zws-id=X1-ZWz1f9f43srdhn_5b1bv&address=288+Chestnut+Ave&citystatezip=02130,Triplex,1070312,1890,"$659,000"
506,898,42.3003,-71.108936,6,898,http://www.zillow.com/webservice/GetDeepSearchResults.htm?zws-id=X1-ZWz1f9f43srdhn_5b1bv&address=3+Oleary+Way&citystatezip=02130,Condominium,318674,1946,"$449,000"
507,2946,42.332789,-71.033048,13,2100,http://www.zillow.com/webservice/GetDeepSearchResults.htm?zws-id=X1-ZWz1f9f43srdhn_5b1bv&address=150+M+St&citystatezip=02127,Condominium,1235578,1890,"$624,617"
508,1367,42.322555,-71.115127,,,http://www.zillow.com/webservice/GetDeepSearchResults.htm?zws-id=X1-ZWz1f9f43srdhn_5b1bv&address=69+Parkton+Rd&citystatezip=02130,Condominium,621356,2004,"$699,000"
509,3351,42.342916,-71.087013,9,1742,http://www.zillow.com/webservice/GetDeepSearchResults.htm?zws-id=X1-ZWz1f9f43srdhn_5b1bv&address=7+Symphony+Rd&citystatezip=02115,MultiFamily2To4,1223944,1886,"$2,395,000"
510,3468,42.359834,-71.128526,15,4017,http://www.zillow.com/webservice/GetDeepSearchResults.htm?zws-id=X1-ZWz1f9f43srdhn_5b1bv&address=299+N+Harvard&citystatezip=02134,MultiFamily5Plus,829823,1915,"$1,250,000"
511,1136,42.33061,-71.047099,4,1136,http://www.zillow.com/webservice/GetDeepSearchResults.htm?zws-id=X1-ZWz1f9f43srdhn_5b1bv&address=1306+Columbia+Rd&citystatezip=02127,Condominium,508977,2000,"$624,617"
512,1235,42.263482,-71.150457,6,6534,http://www.zillow.com/webservice/GetDeepSearchResults.htm?zws-id=X1-ZWz1f9f43srdhn_5b1bv&address=85+Woodley+Ave&citystatezip=02132,SingleFamily,403232,1960,"$449,900"
513,3714,42.281973,-71.089434,15,3150,http://www.zillow.com/webservice/GetDeepSearchResults.htm?zws-id=X1-ZWz1f9f43srdhn_5b1bv&address=17+Sutton+St&citystatezip=02126,MultiFamily2To4,538712,1900,"$649,900"
514,1295,42.292602,-71.114381,6,4791,http://www.zillow.com/webservice/GetDeepSearchResults.htm?zws-id=X1-ZWz1f9f43srdhn_5b1bv&address=81+Patten+St&citystatezip=02130,SingleFamily,493386,1950,"$539,000"
515,2494,42.291007,-71.05017,,2613,http://www.zillow.com/webservice/GetDeepSearchResults.htm?zws-id=X1-ZWz1f9f43srdhn_5b1bv&address=16+Frost+Ave&citystatezip=02122,Condominium,564955,,"$499,900"
541,1674,42.3665,-71.032769,10,1012,http://www.zillow.com/webservice/GetDeepSearchResults.htm?zws-id=X1-ZWz1f9f43srdhn_5b1bv&address=147+Everett+St&citystatezip=02128,Duplex,475738,1899,"$535,000"
542,1444,42.277881,-71.142996,7,3921,http://www.zillow.com/webservice/GetDeepSearchResults.htm?zws-id=X1-ZWz1f9f43srdhn_5b1bv&address=294+Stratford+St&citystatezip=02132,SingleFamily,574246,1928,"$579,000"
